Workbook
Name Slicer_Defect_Category: #N/A
Name Slicer_Status1: #N/A
Name status: 'CAR LOG'!#REF!
Name type: Lists!#REF!

Sheet Komatsu 2021
A1: Cambridge 60778
A2: Month | B2: Defect Notice Count All | C2: Defect Notice Productioon | D2: Defect Notice In Process Machining | E2: Defect Notice Raw Material | F2: Defect Notice NPI/PPAP | G2: Defect Notice PPD Parts | H2: No Defect Claims Early Life Failure | I2: Green Target | J2: Yellow Target | K2: Red Target | L2: Production DPU | M2: Production Average FY DPU | N2: Green Target | O2: Yellow Target | P2: Red Target | Q2: Q1 | R2: Q2 | S2: Q3 | T2: Q4 | U2: Defect Notice Rolling Quarterly Average | V2: No Defect Claims Early Life Failure
A3: 2019 avg monthy defects | C3: 15.16 | L3: 0.69 | M3: 0.69 | N3: 0.25 | O3: 1 | P3: 1.01 | Q3: 44 | R3: 45 | S3: 54 | T3: 39 | U3: 45.5
A4: 2020 avg monthy defects | C4: 7.75 | L4: 0.36 | M4: 0.36 | N4: 0.25 | O4: 1 | P4: 1.01 | Q4: 24 | R4: 16 | S4: 24 | T4: 29 | U4: 23.3
A5: 2021 avg monthy defects | C5: 4.5 | L5: 0.18 | M5: 0.18 | N5: 0.25 | O5: 1 | P5: 1.01 | Q5: 19 | R5: 9 | S5: 10 | T5: 16 | U5: 13.5
A6: Apr | B6: 8 | C6: 7 | D6: 0 | E6: 0 | F6: 0 | G6: 0 | H6: 0 | I6: 0 | J6: 1 | K6: 2 | L6: 0.28 | M6: 0.28 | N6: 0.25 | O6: 1 | P6: 1.01 | Q6: 8 | R6: 0 | S6: 0 | T6: 0 | U6: 2 | V6: 0
A7: May | B7: 7 | C7: 5 | D7: 0 | E7: 0 | F7: 2 | G7: 0 | H7: 0 | I7: 0 | J7: 1 | K7: 2 | L7: 0.2 | M7: 0.26 | N7: 0.25 | O7: 1 | P7: 1.01 | Q7: 15 | R7: 0 | S7: 0 | T7: 0 | U7: 3.8 | V7: 0
A8: Jun | B8: 4 | C8: 2 | D8: 0 | E8: 0 | F8: 0 | G8: 2 | H8: 0 | I8: 0 | J8: 1 | K8: 2 | L8: 0.08 | M8: 0.21 | N8: 0.25 | O8: 1 | P8: 1.01 | Q8: 19 | R8: 7 | S8: 0 | T8: 0 | U8: 6.5 | V8: 0
A9: Jul | B9: 4 | C9: 3 | D9: 0 | E9: 0 | F9: 1 | G9: 0 | H9: 0 | I9: 0 | J9: 1 | K9: 2 | L9: 0.12 | M9: 0.2 | N9: 0.25 | O9: 1 | P9: 1.01 | Q9: 19 | R9: 7 | S9: 0 | T9: 0 | U9: 6.5 | V9: 0
A10: Aug | B10: 3 | C10: 1 | D10: 0 | E10: 1 | F10: 0 | G10: 1 | H10: 0 | I10: 0 | J10: 1 | K10: 2 | L10: 0.04 | M10: 0.18 | N10: 0.25 | O10: 1 | P10: 1.01 | Q10: 19 | R10: 7 | S10: 0 | T10: 0 | U10: 6.5 | V10: 0
A11: Sep | B11: 2 | C11: 2 | D11: 0 | E11: 0 | F11: 0 | G11: 0 | H11: 0 | I11: 0 | J11: 1 | K11: 2 | L11: 0.08 | M11: 0.17 | N11: 0.25 | O11: 1 | P11: 1.01 | Q11: 19 | R11: 9 | S11: 0 | T11: 0 | U11: 7 | V11: 0
A12: Oct | B12: 1 | C12: 1 | D12: 0 | E12: 0 | F12: 0 | G12: 0 | H12: 0 | I12: 0 | J12: 1 | K12: 2 | L12: 0.04 | M12: 0.16 | N12: 0.25 | O12: 1 | P12: 1.01 | Q12: 19 | R12: 9 | S12: 1 | T12: 0 | U12: 7.3 | V12: 0
A13: Nov | B13: 3 | C13: 1 | D13: 0 | E13: 1 | F13: 1 | G13: 0 | H13: 0 | I13: 0 | J13: 1 | K13: 2 | L13: 0.04 | M13: 0.15 | N13: 0.25 | O13: 1 | P13: 1.01 | Q13: 19 | R13: 8 | S13: 4 | T13: 0 | U13: 8 | V13: 0
A14: Dec | B14: 6 | C14: 0 | D14: 0 | E14: 0 | F14: 5 | G14: 1 | H14: 0 | I14: 0 | J14: 1 | K14: 2 | L14: 0 | M14: 0.15 | N14: 0.25 | O14: 1 | P14: 1.01 | Q14: 19 | R14: 9 | S14: 10 | T14: 0 | U14: 9.5 | V14: 0
A15: Jan | B15: 1 | C15: 1 | D15: 0 | E15: 0 | F15: 0 | G15: 0 | H15: 0 | I15: 0 | J15: 1 | K15: 2 | L15: 0.04 | M15: 0.14 | N15: 0.25 | O15: 1 | P15: 1.01 | Q15: 19 | R15: 9 | S15: 10 | T15: 1 | U15: 9.8 | V15: 0
A16: Feb | B16: 6 | C16: 4 | D16: 0 | E16: 1 | F16: 1 | G16: 0 | H16: 0 | I16: 0 | J16: 1 | K16: 2 | L16: 0.16 | M16: 0.17 | N16: 0.25 | O16: 1 | P16: 1.01 | Q16: 19 | R16: 9 | S16: 10 | T16: 7 | U16: 11.3 | V16: 0
A17: Mar | B17: 9 | C17: 6 | D17: 0 | E17: 1 | F17: 2 | G17: 0 | H17: 0 | I17: 0 | J17: 1 | K17: 2 | L17: 0.24 | M17: 0.18 | N17: 0.25 | O17: 1 | P17: 1.01 | Q17: 19 | R17: 9 | S17: 10 | T17: 16 | U17: 13.5 | V17: 0
A19: Woodstock 60782
A20: Month | B20: Defect Notice Count All | C20: Defect Notice Productioon | D20: Defect Notice In Process Machining | E20: Defect Notice Raw Material | F20: Defect Notice NPI/PPAP | G20: Defect Notice PPD Parts | H20: No Defect Claims Early Life Failure | I20: Green Target | J20: Yellow Target | K20: Red Target | L20: Production DPU | M20: Production Average FY DPU | N20: Green Target | O20: Yellow Target | P20: Red Target | Q20: Q1 | R20: Q2 | S20: Q3 | T20: Q4 | U20: Defect Notice Rolling Quarterly Average | V20: No Defect Claims Early Life Failure
A21: 2019 avg monthy defects | C21: 2.92 | L21: 0.17 | M21: 0.17 | N21: 0.25 | O21: 1 | P21: 1.01 | Q21: 11 | R21: 8 | S21: 5 | T21: 11 | U21: 8.8
A22: 2020 avg monthy defects | C22: 1.25 | L22: 0.08 | M22: 0.08 | N22: 0.25 | O22: 1 | P22: 1.01 | Q22: 5 | R22: 6 | S22: 3 | T22: 3 | U22: 3.8
A23: 2021 avg monthy defects | C23: 1.166 | L23: 0.08 | M23: 0.08 | N23: 0.25 | O23: 1 | P23: 1.01 | Q23: 1 | R23: 5 | S23: 4 | T23: 4 | U23: 3.5
A24: Apr | B24: 0 | C24: 0 | D24: 0 | E24: 0 | F24: 0 | G24: 0 | H24: 0 | I24: 0 | J24: 1 | K24: 2 | L24: 0 | M24: 0 | N24: 0.25 | O24: 1 | P24: 1.01 | Q24: 0 | R24: 0 | S24: 0 | T24: 0 | U24: 0.5 | V24: 0
A25: May | B25: 1 | C25: 1 | D25: 0 | E25: 0 | F25: 0 | G25: 0 | H25: 0 | I25: 0 | J25: 1 | K25: 2 | L25: 0.04 | M25: 0.02 | N25: 0.25 | O25: 1 | P25: 1.01 | Q25: 1 | R25: 0 | S25: 0 | T25: 0 | U25: 0.3 | V25: 0
A26: Jun | B26: 0 | C26: 0 | D26: 0 | E26: 0 | F26: 0 | G26: 0 | H26: 0 | I26: 0 | J26: 1 | K26: 2 | L26: 0 | M26: 0.01 | N26: 0.25 | O26: 1 | P26: 1.01 | Q26: 1 | R26: 0 | S26: 0 | T26: 0 | U26: 0.3 | V26: 0
A27: Jul | B27: 1 | C27: 1 | D27: 0 | E27: 0 | F27: 0 | G27: 0 | H27: 0 | I27: 0 | J27: 1 | K27: 2 | L27: 0.04 | M27: 0.02 | N27: 0.25 | O27: 1 | P27: 1.01 | Q27: 1 | R27: 3 | S27: 0 | T27: 0 | U27: 1 | V27: 0
A28: Aug | B28: 2 | C28: 2 | D28: 0 | E28: 0 | F28: 0 | G28: 0 | H28: 0 | I28: 0 | J28: 1 | K28: 2 | L28: 0.08 | M28: 0.04 | N28: 0.25 | O28: 1 | P28: 1.01 | Q28: 1 | R28: 3 | S28: 0 | T28: 0 | U28: 1 | V28: 0
A29: Sep | B29: 2 | C29: 2 | D29: 0 | E29: 0 | F29: 0 | G29: 0 | H29: 0 | I29: 0 | J29: 1 | K29: 2 | L29: 0.08 | M29: 0.05 | N29: 0.25 | O29: 1 | P29: 1.01 | Q29: 1 | R29: 5 | S29: 0 | T29: 0 | U29: 1.5 | V29: 0
A30: Oct | B30: 0 | C30: 0 | D30: 0 | E30: 0 | F30: 0 | G30: 0 | H30: 0 | I30: 0 | J30: 1 | K30: 2 | L30: 0 | M30: 0.04 | N30: 0.25 | O30: 1 | P30: 1.01 | Q30: 1 | R30: 5 | S30: 0 | T30: 0 | U30: 1.5 | V30: 0
A31: Nov | B31: 3 | C31: 3 | D31: 0 | E31: 0 | F31: 0 | G31: 0 | H31: 0 | I31: 0 | J31: 1 | K31: 2 | L31: 0.12 | M31: 0.06 | N31: 0.25 | O31: 1 | P31: 1.01 | Q31: 1 | R31: 5 | S31: 3 | T31: 0 | U31: 2.3 | V31: 0
A32: Dec | B32: 1 | C32: 1 | D32: 0 | E32: 0 | F32: 0 | G32: 0 | H32: 0 | I32: 0 | J32: 1 | K32: 2 | L32: 0.04 | M32: 0.07 | N32: 0.25 | O32: 1 | P32: 1.01 | Q32: 1 | R32: 5 | S32: 4 | T32: 0 | U32: 2.5 | V32: 0
A33: Jan | B33: 2 | C33: 2 | D33: 0 | E33: 0 | F33: 0 | G33: 0 | H33: 0 | I33: 0 | J33: 1 | K33: 2 | L33: 0.08 | M33: 0.07 | N33: 0.25 | O33: 1 | P33: 1.01 | Q33: 1 | R33: 5 | S33: 4 | T33: 2 | U33: 3 | V33: 0
A34: Feb | B34: 1 | C34: 1 | D34: 0 | E34: 0 | F34: 0 | G34: 0 | H34: 0 | I34: 0 | J34: 1 | K34: 2 | L34: 0.04 | M34: 0.08 | N34: 0.25 | O34: 1 | P34: 1.01 | Q34: 1 | R34: 5 | S34: 4 | T34: 3 | U34: 3.3 | V34: 0
A35: Mar | B35: 1 | C35: 1 | D35: 0 | E35: 0 | F35: 0 | G35: 0 | H35: 0 | I35: 0 | J35: 1 | K35: 2 | L35: 0.04 | M35: 0.08 | N35: 0.25 | O35: 1 | P35: 1.01 | Q35: 1 | R35: 5 | S35: 4 | T35: 4 | U35: 3.5 | V35: 0
B77: Studs off location
I79: video

Sheet Komatsu 2020
A1: Cambridge 60778
A2: Month | B2: Defect Notice Count All | C2: Defect Notice Productioon | D2: Defect Notice In Process Machining | E2: Defect Notice Raw Material | F2: Defect Notice NPI/PPAP | G2: Defect Notice PPD Parts | H2: No Defect Claims Early Life Failure | I2: Green Target | J2: Yellow Target | K2: Red Target | L2: Production DPU | M2: Production Average FY DPU | N2: Green Target | O2: Yellow Target | P2: Red Target | Q2: Q1 | R2: Q2 | S2: Q3 | T2: Q4 | U2: Defect Notice Rolling Quarterly Average | V2: No Defect Claims Early Life Failure
A3: 2019 avg monthy defects | C3: 15.16 | L3: 0.69 | M3: 0.69 | N3: 0.25 | O3: 1 | P3: 1.01 | Q3: 44 | R3: 45 | S3: 54 | T3: 39 | U3: 45.5
A4: Apr | B4: 14 | C4: 14 | D4: 0 | E4: 0 | F4: 0 | G4: 0 | H4: 0 | I4: 0 | J4: 1 | K4: 2 | L4: 0.7 | M4: 0.7 | N4: 0.25 | O4: 1 | P4: 1.01 | Q4: 14 | R4: 0 | S4: 0 | T4: 0 | U4: 3.5 | V4: 0
A5: May | B5: 5 | C5: 4 | D5: 0 | E5: 0 | F5: 1 | G5: 0 | H5: 0 | I5: 0 | J5: 1 | K5: 2 | L5: 0.2 | M5: 0.49 | N5: 0.25 | O5: 1 | P5: 1.01 | Q5: 19 | R5: 0 | S5: 0 | T5: 0 | U5: 4.8 | V5: 0
A6: Jun | B6: 7 | C6: 5 | D6: 0 | E6: 0 | F6: 2 | G6: 0 | H6: 0 | I6: 0 | J6: 1 | K6: 2 | L6: 0.25 | M6: 0.41 | N6: 0.25 | O6: 1 | P6: 1.01 | Q6: 26 | R6: 0 | S6: 0 | T6: 0 | U6: 6.5 | V6: 0
A7: Jul | B7: 9 | C7: 6 | D7: 0 | E7: 0 | F7: 2 | G7: 1 | H7: 0 | I7: 0 | J7: 1 | K7: 2 | L7: 0.3 | M7: 0.4 | N7: 0.25 | O7: 1 | P7: 1.01 | Q7: 26 | R7: 9 | S7: 0 | T7: 0 | U7: 8.8 | V7: 0
A8: Aug | B8: 4 | C8: 3 | D8: 0 | E8: 0 | F8: 1 | G8: 0 | H8: 0 | I8: 0 | J8: 1 | K8: 2 | L8: 0.15 | M8: 0.42 | N8: 0.25 | O8: 1 | P8: 1.01 | Q8: 24 | R8: 12 | S8: 0 | T8: 0 | U8: 9 | V8: 0
A9: Sep | B9: 4 | C9: 3 | D9: 0 | E9: 0 | F9: 1 | G9: 0 | H9: 0 | I9: 0 | J9: 1 | K9: 2 | L9: 0.15 | M9: 0.46 | N9: 0.25 | O9: 1 | P9: 1.01 | Q9: 24 | R9: 16 | S9: 0 | T9: 0 | U9: 10 | V9: 0
A10: Oct | B10: 5 | C10: 3 | D10: 0 | E10: 1 | F10: 0 | G10: 1 | H10: 0 | I10: 0 | J10: 1 | K10: 2 | L10: 0.15 | M10: 0.4 | N10: 0.25 | O10: 1 | P10: 1.01 | Q10: 24 | R10: 16 | S10: 5 | T10: 0 | U10: 11.3 | V10: 0
A11: Nov | B11: 8 | C11: 5 | D11: 0 | E11: 1 | F11: 1 | G11: 1 | H11: 0 | I11: 0 | J11: 1 | K11: 2 | L11: 0.25 | M11: 0.38 | N11: 0.25 | O11: 1 | P11: 1.01 | Q11: 24 | R11: 16 | S11: 13 | T11: 0 | U11: 13.3 | V11: 0
A12: Dec | B12: 11 | C12: 5 | D12: 0 | E12: 2 | F12: 4 | G12: 0 | H12: 0 | I12: 0 | J12: 1 | K12: 2 | L12: 0.25 | M12: 0.37 | N12: 0.25 | O12: 1 | P12: 1.01 | Q12: 24 | R12: 16 | S12: 24 | T12: 0 | U12: 16 | V12: 0
A13: Jan | B13: 9 | C13: 8 | D13: 0 | E13: 0 | F13: 1 | G13: 0 | H13: 0 | I13: 0 | J13: 1 | K13: 2 | L13: 0.4 | M13: 0.38 | N13: 0.25 | O13: 1 | P13: 1.01 | Q13: 24 | R13: 16 | S13: 24 | T13: 9 | U13: 18.3 | V13: 0
A14: Feb | B14: 12 | C14: 8 | D14: 0 | E14: 2 | F14: 2 | G14: 0 | H14: 0 | I14: 0 | J14: 1 | K14: 2 | L14: 0.4 | M14: 0.38 | N14: 0.25 | O14: 1 | P14: 1.01 | Q14: 24 | R14: 16 | S14: 24 | T14: 21 | U14: 21.3 | V14: 0
A15: Mar | B15: 8 | C15: 6 | D15: 0 | E15: 0 | F15: 0 | G15: 2 | H15: 0 | I15: 0 | J15: 1 | K15: 2 | L15: 0.3 | M15: 0.36 | N15: 0.25 | O15: 1 | P15: 1.01 | Q15: 24 | R15: 16 | S15: 24 | T15: 29 | U15: 23.3 | V15: 0
A17: Woodstock 60782
A18: Month | B18: Defect Notice Count All | C18: Defect Notice Productioon | D18: Defect Notice In Process Machining | E18: Defect Notice Raw Material | F18: Defect Notice NPI/PPAP | G18: Defect Notice PPD Parts | H18: No Defect Claims Early Life Failure | I18: Green Target | J18: Yellow Target | K18: Red Target | L18: Production DPU | M18: Production Average FY DPU | N18: Green Target | O18: Yellow Target | P18: Red Target | Q18: Q1 | R18: Q2 | S18: Q3 | T18: Q4 | U18: Defect Notice Rolling Quarterly Average | V18: No Defect Claims Early Life Failure
A19: 2019 avg monthy defects | C19: 2.92 | L19: 0.17 | M19: 0.17 | N19: 0.25 | O19: 1 | P19: 1.01 | Q19: 11 | R19: 8 | S19: 5 | T19: 11 | U19: 8.8
A20: Apr | B20: 2 | C20: 2 | D20: 0 | E20: 0 | F20: 0 | G20: 0 | H20: 0 | I20: 0 | J20: 1 | K20: 2 | L20: 0.15 | M20: 0.15 | N20: 0.25 | O20: 1 | P20: 1.01 | Q20: 2 | R20: 0 | S20: 0 | T20: 0 | U20: 0.5 | V20: 0
A21: May | B21: 1 | C21: 1 | D21: 0 | E21: 0 | F21: 0 | G21: 0 | H21: 0 | I21: 0 | J21: 1 | K21: 2 | L21: 0.05 | M21: 0.08 | N21: 0.25 | O21: 1 | P21: 1.01 | Q21: 3 | R21: 0 | S21: 0 | T21: 0 | U21: 0.8 | V21: 0
A22: Jun | B22: 2 | C22: 2 | D22: 0 | E22: 0 | F22: 0 | G22: 0 | H22: 0 | I22: 0 | J22: 1 | K22: 2 | L22: 0.1 | M22: 0.09 | N22: 0.25 | O22: 1 | P22: 1.01 | Q22: 5 | R22: 0 | S22: 0 | T22: 0 | U22: 1.3 | V22: 0
A23: Jul | B23: 1 | C23: 1 | D23: 0 | E23: 0 | F23: 0 | G23: 0 | H23: 0 | I23: 0 | J23: 1 | K23: 2 | L23: 0.05 | M23: 0.08 | N23: 0.25 | O23: 1 | P23: 1.01 | Q23: 5 | R23: 1 | S23: 0 | T23: 0 | U23: 1.5 | V23: 0
A24: Aug | B24: 0 | C24: 0 | D24: 0 | E24: 0 | F24: 0 | G24: 0 | H24: 0 | I24: 0 | J24: 1 | K24: 2 | L24: 0 | M24: 0.08 | N24: 0.25 | O24: 1 | P24: 1.01 | Q24: 5 | R24: 1 | S24: 0 | T24: 0 | U24: 1.5 | V24: 0
A25: Sep | B25: 3 | C25: 3 | D25: 0 | E25: 0 | F25: 0 | G25: 0 | H25: 0 | I25: 0 | J25: 1 | K25: 2 | L25: 0.15 | M25: 0.13 | N25: 0.25 | O25: 1 | P25: 1.01 | Q25: 5 | R25: 4 | S25: 0 | T25: 0 | U25: 2.3 | V25: 0
A26: Oct | B26: 1 | C26: 1 | D26: 0 | E26: 0 | F26: 0 | G26: 0 | H26: 0 | I26: 0 | J26: 1 | K26: 2 | L26: 0.05 | M26: 0.11 | N26: 0.25 | O26: 1 | P26: 1.01 | Q26: 5 | R26: 4 | S26: 1 | T26: 0 | U26: 2.5 | V26: 0
A27: Nov | B27: 0 | C27: 0 | D27: 0 | E27: 0 | F27: 0 | G27: 0 | H27: 0 | I27: 0 | J27: 1 | K27: 2 | L27: 0 | M27: 0.09 | N27: 0.25 | O27: 1 | P27: 1.01 | Q27: 5 | R27: 4 | S27: 1 | T27: 0 | U27: 2.5 | V27: 0
A28: Dec | B28: 2 | C28: 3 | D28: 0 | E28: 0 | F28: 0 | G28: 0 | H28: 0 | I28: 0 | J28: 1 | K28: 2 | L28: 0.1 | M28: 0.1 | N28: 0.25 | O28: 1 | P28: 1.01 | Q28: 5 | R28: 4 | S28: 3 | T28: 0 | U28: 3 | V28: 0
A29: Jan | B29: 1 | C29: 1 | D29: 0 | E29: 0 | F29: 0 | G29: 0 | H29: 0 | I29: 0 | J29: 1 | K29: 2 | L29: 0.5 | M29: 0.09 | N29: 0.25 | O29: 1 | P29: 1.01 | Q29: 5 | R29: 4 | S29: 3 | T29: 1 | U29: 3.3 | V29: 0
A30: Feb | B30: 1 | C30: 1 | D30: 0 | E30: 0 | F30: 0 | G30: 0 | H30: 0 | I30: 0 | J30: 1 | K30: 2 | L30: 0.05 | M30: 0.08 | N30: 0.25 | O30: 1 | P30: 1.01 | Q30: 5 | R30: 4 | S30: 3 | T30: 2 | U30: 3.5 | V30: 0
A31: Mar | B31: 1 | C31: 1 | D31: 0 | E31: 0 | F31: 0 | G31: 0 | H31: 0 | I31: 0 | J31: 1 | K31: 2 | L31: 0.05 | M31: 0.08 | N31: 0.25 | O31: 1 | P31: 1.01 | Q31: 5 | R31: 4 | S31: 3 | T31: 3 | U31: 3.8 | V31: 0

Sheet Komatsu 2022
A1: Cambridge 60778
A2: Month | B2: Defect Notice Count All | C2: Defect Notice Productioon | D2: Defect Notice In Process Machining | E2: Defect Notice Raw Material | F2: Defect Notice NPI/PPAP | G2: Defect Notice PPD Parts | H2: No Defect Claims Early Life Failure | I2: Green Target | J2: Yellow Target | K2: Red Target | L2: Production DPU | M2: Production Average FY DPU | N2: Green Target | O2: Yellow Target | P2: Red Target | Q2: Q1 | R2: Q2 | S2: Q3 | T2: Q4 | U2: Defect Notice Rolling Quarterly Average | V2: No Defect Claims Early Life Failure
A3: 2019 avg monthy defects | C3: 15.16 | L3: 0.69 | M3: 0.69 | N3: 0.25 | O3: 1 | P3: 1.01 | Q3: 44 | R3: 45 | S3: 54 | T3: 39 | U3: 45.5
A4: 2020 avg monthy defects | C4: 7.75 | L4: 0.36 | M4: 0.36 | N4: 0.25 | O4: 1 | P4: 1.01 | Q4: 24 | R4: 16 | S4: 24 | T4: 29 | U4: 23.3
A5: 2021 avg monthy defects | C5: 4.5 | L5: 0.18 | M5: 0.18 | N5: 0.25 | O5: 1 | P5: 1.01 | Q5: 19 | R5: 9 | S5: 10 | T5: 16 | U5: 13.5
A6: Apr | B6: 8 | C6: 5 | D6: 0 | E6: 1 | F6: 2 | G6: 0 | H6: 0 | I6: 0 | J6: 1 | K6: 2 | L6: 0.28 | M6: 0.28 | N6: 0.25 | O6: 1 | P6: 1.01 | Q6: 8 | R6: 0 | S6: 0 | T6: 0 | U6: 2 | V6: 0
A7: May | B7: 2 | C7: 1 | D7: 0 | E7: 1 | F7: 0 | G7: 0 | H7: 0 | I7: 0 | J7: 1 | K7: 2 | L7: 0.06 | M7: 0.17 | N7: 0.25 | O7: 1 | P7: 1.01 | Q7: 10 | R7: 0 | S7: 0 | T7: 0 | U7: 2.5 | V7: 0
A8: Jun | B8: 13 | C8: 9 | D8: 0 | E8: 3 | F8: 1 | G8: 0 | H8: 0 | I8: 0 | J8: 1 | K8: 2 | L8: 0.5 | M8: 0.29 | N8: 0.25 | O8: 1 | P8: 1.01 | Q8: 23 | R8: 0 | S8: 0 | T8: 0 | U8: 5.8 | V8: 0
A9: Jul | B9: 3 | C9: 2 | D9: 0 | E9: 0 | F9: 1 | G9: 0 | H9: 0 | I9: 0 | J9: 1 | K9: 2 | L9: 0.11 | M9: 0.25 | N9: 0.25 | O9: 1 | P9: 1.01 | Q9: 23 | R9: 3 | S9: 0 | T9: 0 | U9: 6.5 | V9: 0
A10: Aug | B10: 6 | C10: 3 | D10: 0 | E10: 0 | F10: 2 | G10: 1 | H10: 0 | I10: 0 | J10: 1 | K10: 2 | L10: 0.17 | M10: 0.3 | N10: 0.25 | O10: 1 | P10: 1.01 | Q10: 23 | R10: 9 | S10: 0 | T10: 0 | U10: 8 | V10: 0
A11: Sep | B11: 7 | C11: 3 | D11: 0 | E11: 1 | F11: 3 | G11: 0 | H11: 0 | I11: 0 | J11: 1 | K11: 2 | L11: 0.17 | M11: 0.34 | N11: 0.25 | O11: 1 | P11: 1.01 | Q11: 23 | R11: 16 | S11: 0 | T11: 0 | U11: 9.8 | V11: 0
A12: Oct | B12: 14 | C12: 12 | D12: 0 | E12: 1 | F12: 1 | G12: 0 | H12: 0 | I12: 0 | J12: 1 | K12: 2 | L12: 0.67 | M12: 0.42 | N12: 0.25 | O12: 1 | P12: 1.01 | Q12: 23 | R12: 16 | S12: 14 | T12: 0 | U12: 13.3 | V12: 0
A13: Nov | B13: 13 | C13: 8 | D13: 0 | E13: 1 | F13: 3 | G13: 1 | H13: 0 | I13: 0 | J13: 1 | K13: 2 | L13: 0.44 | M13: 0.45 | N13: 0.25 | O13: 1 | P13: 1.01 | Q13: 23 | R13: 16 | S13: 27 | T13: 0 | U13: 16.5 | V13: 0
A14: Dec | B14: 9 | C14: 8 | D14: 0 | E14: 0 | F14: 1 | G14: 0 | H14: 0 | I14: 0 | J14: 1 | K14: 2 | L14: 0.44 | M14: 0.48 | N14: 0.25 | O14: 1 | P14: 1.01 | Q14: 23 | R14: 16 | S14: 36 | T14: 0 | U14: 18.8 | V14: 0
A15: Jan | B15: 7 | C15: 5 | D15: 0 | E15: 2 | F15: 0 | G15: 0 | H15: 0 | I15: 0 | J15: 1 | K15: 2 | L15: 0.28 | M15: 0.37 | N15: 0.25 | O15: 1 | P15: 1.01 | Q15: 23 | R15: 17 | S15: 36 | T15: 7 | U15: 20.8 | V15: 0
A16: Feb | B16: 8 | C16: 6 | D16: 0 | E16: 0 | F16: 2 | G16: 0 | H16: 0 | I16: 0 | J16: 1 | K16: 2 | L16: 0.33 | M16: 0.36 | N16: 0.25 | O16: 1 | P16: 1.01 | Q16: 23 | R16: 17 | S16: 36 | T16: 14 | U16: 22.5 | V16: 0
A17: Mar | B17: 7 | C17: 7 | D17: 0 | E17: 0 | F17: 0 | G17: 0 | H17: 0 | I17: 0 | J17: 1 | K17: 2 | L17: 0.32 | M17: 0.36 | N17: 0.25 | O17: 1 | P17: 1.01 | Q17: 23 | R17: 17 | S17: 36 | T17: 21 | U17: 24.3 | V17: 0
A19: Woodstock 60782
A20: Month | B20: Defect Notice Count All | C20: Defect Notice Productioon | D20: Defect Notice In Process Machining | E20: Defect Notice Raw Material | F20: Defect Notice NPI/PPAP | G20: Defect Notice PPD Parts | H20: No Defect Claims Early Life Failure | I20: Green Target | J20: Yellow Target | K20: Red Target | L20: Production DPU | M20: Production Average FY DPU | N20: Green Target | O20: Yellow Target | P20: Red Target | Q20: Q1 | R20: Q2 | S20: Q3 | T20: Q4 | U20: Defect Notice Rolling Quarterly Average | V20: No Defect Claims Early Life Failure
A21: 2019 avg monthy defects | C21: 2.92 | L21: 0.17 | M21: 0.17 | N21: 0.25 | O21: 1 | P21: 1.01 | Q21: 11 | R21: 8 | S21: 5 | T21: 11 | U21: 8.8
A22: 2020 avg monthy defects | C22: 1.25 | L22: 0.08 | M22: 0.08 | N22: 0.25 | O22: 1 | P22: 1.01 | Q22: 5 | R22: 6 | S22: 3 | T22: 3 | U22: 3.8
A23: 2021 avg monthy defects | C23: 1.166 | L23: 0.08 | M23: 0.08 | N23: 0.25 | O23: 1 | P23: 1.01 | Q23: 1 | R23: 5 | S23: 4 | T23: 4 | U23: 3.5
A24: Apr | B24: 3 | C24: 3 | D24: 0 | E24: 0 | F24: 0 | G24: 0 | H24: 0 | I24: 0 | J24: 1 | K24: 2 | L24: 0.17 | M24: 0.17 | N24: 0.25 | O24: 1 | P24: 1.01 | Q24: 3 | R24: 0 | S24: 0 | T24: 0 | U24: 0.8 | V24: 0
A25: May | B25: 3 | C25: 3 | D25: 0 | E25: 0 | F25: 0 | G25: 0 | H25: 0 | I25: 0 | J25: 1 | K25: 2 | L25: 0.17 | M25: 0.17 | N25: 0.25 | O25: 1 | P25: 1.01 | Q25: 6 | R25: 0 | S25: 0 | T25: 0 | U25: 1.5 | V25: 0
A26: Jun | B26: 0 | C26: 0 | D26: 0 | E26: 0 | F26: 0 | G26: 0 | H26: 0 | I26: 0 | J26: 1 | K26: 2 | L26: 0 | M26: 0.12 | N26: 0.25 | O26: 1 | P26: 1.01 | Q26: 6 | R26: 0 | S26: 0 | T26: 0 | U26: 1.5 | V26: 0
A27: Jul | B27: 0 | C27: 0 | D27: 0 | E27: 0 | F27: 0 | G27: 0 | H27: 0 | I27: 0 | J27: 1 | K27: 2 | L27: 0 | M27: 0.09 | N27: 0.25 | O27: 1 | P27: 1.01 | Q27: 6 | R27: 0 | S27: 0 | T27: 0 | U27: 1.5 | V27: 0
A28: Aug | B28: 3 | C28: 3 | D28: 0 | E28: 0 | F28: 0 | G28: 0 | H28: 0 | I28: 0 | J28: 1 | K28: 2 | L28: 0.17 | M28: 0.13 | N28: 0.25 | O28: 1 | P28: 1.01 | Q28: 6 | R28: 3 | S28: 0 | T28: 0 | U28: 2.3 | V28: 0
A29: Sep | B29: 1 | C29: 1 | D29: 0 | E29: 0 | F29: 0 | G29: 0 | H29: 0 | I29: 0 | J29: 1 | K29: 2 | L29: 0.06 | M29: 0.15 | N29: 0.25 | O29: 1 | P29: 1.01 | Q29: 6 | R29: 4 | S29: 0 | T29: 0 | U29: 2.5 | V29: 0
A30: Oct | B30: 4 | C30: 4 | D30: 0 | E30: 0 | F30: 0 | G30: 0 | H30: 0 | I30: 0 | J30: 1 | K30: 2 | L30: 0.22 | M30: 0.17 | N30: 0.25 | O30: 1 | P30: 1.01 | Q30: 6 | R30: 4 | S30: 4 | T30: 0 | U30: 3.3 | V30: 0
A31: Nov | B31: 2 | C31: 2 | D31: 0 | E31: 0 | F31: 0 | G31: 0 | H31: 0 | I31: 0 | J31: 1 | K31: 2 | L31: 0.11 | M31: 0.13 | N31: 0.25 | O31: 1 | P31: 1.01 | Q31: 6 | R31: 2 | S31: 4 | T31: 0 | U31: 3 | V31: 0
A32: Dec | B32: 1 | C32: 1 | D32: 0 | E32: 0 | F32: 0 | G32: 0 | H32: 0 | I32: 0 | J32: 1 | K32: 2 | L32: 0.06 | M32: 0.12 | N32: 0.25 | O32: 1 | P32: 1.01 | Q32: 6 | R32: 2 | S32: 5 | T32: 0 | U32: 3.3 | V32: 0
A33: Jan | B33: 0 | C33: 0 | D33: 0 | E33: 0 | F33: 0 | G33: 0 | H33: 0 | I33: 0 | J33: 1 | K33: 2 | L33: 0 | M33: 0.1 | N33: 0.25 | O33: 1 | P33: 1.01 | Q33: 5 | R33: 4 | S33: 7 | T33: 0 | U33: 4 | V33: 0
A34: Feb | B34: 1 | C34: 1 | D34: 0 | E34: 0 | F34: 0 | G34: 0 | H34: 0 | I34: 0 | J34: 1 | K34: 2 | L34: 0.06 | M34: 0.1 | N34: 0.25 | O34: 1 | P34: 1.01 | Q34: 5 | R34: 4 | S34: 7 | T34: 1 | U34: 4.3 | V34: 0
A35: Mar | B35: 1 | C35: 1 | D35: 0 | E35: 0 | F35: 0 | G35: 0 | H35: 0 | I35: 0 | J35: 1 | K35: 2 | L35: 0.05 | M35: 0.09 | N35: 0.25 | O35: 1 | P35: 1.01 | Q35: 5 | R35: 4 | S35: 7 | T35: 2 | U35: 4.5 | V35: 0
B77: Studs off location
I79: video

Sheet pivot
A3: Location (as applicable) | B3: Cambridge
A4: Status | B4: (Multiple Items)
A5: Type | B5: Customer
A6: Customer | B6: Komatsu
A8: Row Labels | B8: Count of Internal CAR #
A9: 2025 | B9: 286
A10: 1 | B10: 13
A11: Axle | B11: 3
A12: Cab | B12: 3
A13: Control Box | B13: 2
A14: Deck | B14: 1
A15: Other | B15: 4
A16: 2 | B16: 40
A17: Axle | B17: 23
A18: Cab | B18: 7
A19: Control Box | B19: 1
A20: Deck | B20: 5
A21: Grill | B21: 1
A22: Tank | B22: 3
A23: 3 | B23: 31
A24: Axle | B24: 22
A25: Cab | B25: 2
A26: Control Box | B26: 1
A27: Deck | B27: 1
A28: Grill | B28: 2
A29: Other | B29: 3
A30: 4 | B30: 21
A31: Axle | B31: 17
A32: Cab | B32: 3
A33: Deck | B33: 1
A34: 5 | B34: 38
A35: Axle | B35: 25
A36: Cab | B36: 6
A37: Control Box | B37: 1
A38: Deck | B38: 2
A39: Other | B39: 4
A40: 6 | B40: 16
A41: Axle | B41: 10
A42: Cab | B42: 1
A43: Deck | B43: 4
A44: Grill | B44: 1
A45: 7 | B45: 20
A46: Axle | B46: 14
A47: Cab | B47: 1
A48: Control Box | B48: 2
A49: Deck | B49: 3
A50: 8 | B50: 30
A51: Axle | B51: 18
A52: Cab | B52: 4
A53: Deck | B53: 5
A54: Other | B54: 2
A55: Tank | B55: 1
A56: 9 | B56: 23
A57: Axle | B57: 9
A58: Cab | B58: 7
A59: Deck | B59: 2
A60: Grill | B60: 1
A61: Other | B61: 2
A62: Tank | B62: 2
A63: 10 | B63: 23
A64: Axle | B64: 7
A65: Cab | B65: 6
A66: Deck | B66: 3
A67: Grill | B67: 2
A68: Other | B68: 2
A69: Tank | B69: 3
A70: 11 | B70: 14
A71: Axle | B71: 3
A72: Cab | B72: 8
A73: Deck | B73: 1
A74: Other | B74: 1
A75: Tank | B75: 1
A76: 12 | B76: 17
A77: Axle | B77: 11
A78: Control Box | B78: 2
A79: Deck | B79: 2
A80: Grill | B80: 1
A81: Other | B81: 1
A82: 2026 | B82: 7
A83: 1 | B83: 7
A84: Axle | B84: 2
A85: Cab | B85: 2
A86: Deck | B86: 2
A87: Other | B87: 1
A88: Axle Housing STR | B88: 1
A89: 58F2200054 | B89: 1
A90: Cab | B90: 1
A91: Axle, Housing STR | B91: 2
A92: 58F2200054 | B92: 2
A93: Axle | B93: 2
A94: (blank) | B94: 1
A95: (blank) | B95: 1
... A97: Grand Total | B97: 297

Sheet Summary
A1: 58F2200054 | B1: 73
A2: 58B2200812 | B2: 26
A3: 58B2200813 | B3: 22
A4: X830027784 | B4: 19
A5: 58E2200234 | B5: 16
A6: 58B0207300 | B6: 8
A7: 58D2280002 | B7: 5
A8: 58B5421001 | B8: 4
A9: 58B5422835 | B9: 4
A10: 58B8040213 | B10: 4
A11: 58D2280003 | B11: 8
A12: 58E5452740 | B12: 4
... A34: X830035160 | B34: 2
A35: 58B0207003 | B35: 1 | F35: Axle | G35: 168
A36: 58B0240801 | B36: 1 | F36: Cab | G36: 50
A37: 58B2200054 | B37: 1 | F37: Deck | G37: 32
A38: 58B5405045 | B38: 1 | F38: Other | G38: 20
A39: 58B5431000 | B39: 1 | F39: Tank | G39: 10
A40: 58B5451602 | B40: 1 | F40: Control Box | G40: 9
A41: 58B5451603 | B41: 1 | F41: Grill | G41: 8
A42: 58B5453332 | B42: 1
A43: 58B5463860 | B43: 1
A44: 58B5463861 | B44: 1
A45: 58B5463951, 58B5463921 | B45: 1
A46: 58B5464630 | B46: 1
A47: 58B5464640 | B47: 1
A48: 58D5480362 | B48: 1
A49: 58E22000234 | B49: 1
A50: 58E2200132 | B50: 1
A51: 58E5400301 | B51: 1
A52: 58E5404775 | B52: 1 | F52: Weld | G52: 213
A53: 58E5408924 | B53: 1 | F53: Machining | G53: 21
A54: 58E5423540 | B54: 1 | F54: Assembly | G54: 18
A55: 58E5430646 | B55: 1 | F55: Paint | G55: 18
A56: 58E5430653 | B56: 1 | F56: Shipping | G56: 11
A57: 58E5430663 | B57: 1 | F57: Weld/Paint | G57: 7
A58: 58E545291 | B58: 1 | F58: Final Assembly | G58: 2
A59: 58E8050642, 58E8050632 | B59: 1 | F59: Laser /Plasma | G59: 2
A60: 58E8055050 | B60: 1 | F60: Engineering | G60: 1
A61: 58F0150571 | B61: 1 | F61: Final Assembly / Shipping | G61: 1
A62: 58F0350001 | B62: 1 | F62: Supplier | G62: 1
A63: 58F0400950 | B63: 1 | F63: Wash | G63: 1
A64: 58F2200002 | B64: 1 | F64: (blank) | G64: 1
A65: 58F2201300 | B65: 1
A66: 58F4601520 | B66: 1
A67: 58F5410830 | B67: 1
A68: 58F5415103 | B68: 1
A69: 58F5452150 | B69: 1
A70: 58F5452852 | B70: 1 | K70: Weld Defects | L70: 82
A71: EL7409/58F2200054 | B71: 1 | K71: rust | L71: 28
A72: SM0190 | B72: 1 | K72: Pin not moving through | L72: 18
A73: WB1162/58F2200054 | B73: 1 | K73: Off Location | L73: 14
A74: X830003030 | B74: 1 | K74: Damage | L74: 7
A75: X830006677 | B75: 1 | K75: Paint on machined surface | L75: 5
A76: X8300277830 | B76: 1 | K76: Wrong Component | L76: 3
A77: X830032213 | B77: 1 | K77: Wrong Orientation/ Flipped | L77: 3
A78: X830035161 | B78: 1 | K78: Interference | L78: 2
A79: XC0829 | B79: 1 | K79: Missing Component | L79: 2
A80: XC0847 | B80: 1 | K80: Missing Operation | L80: 1
K81: Missing Weld | L81: 1
K82: Out of Specification | L82: 1
A83: Total | B83: =SUM(B1:B82) -> 297 | K83: Wrong part/Damaged part | L83: 1
K84: (blank) | L84: 1
K85: Part Marking | L85: 1
C90: Month | D90: Weld defects | E90: Rust | F90: Pin not going through | G90: Off Location
C91: 1 | D91: 0 | E91: 0 | F91: 0 | G91: 3
C92: 2 | D92: 15 | E92: 0 | F92: 0 | G92: 4
C93: 3 | D93: 15 | E93: 3 | F93: 2 | G93: 1
C94: 4 | D94: 1 | E94: 13 | F94: 1 | G94: 1
C95: 5 | D95: 9 | E95: 9 | F95: 1 | G95: 1
C96: 6 | D96: 5 | E96: 2 | F96: 0 | G96: 0
C97: 7 | D97: 11 | E97: 0 | F97: 1 | G97: 0
C98: 8 | D98: 15 | E98: 1 | F98: 1 | G98: 0
C99: 9 | D99: 0 | E99: 0 | F99: 4 | G99: 1
C100: 10 | D100: 2 | E100: 0 | F100: 5 | G100: 0
C101: 11 | D101: 2 | E101: 0 | F101: 0 | G101: 0
C102: 12 | D102: 7 | E102: 0 | F102: 3 | G102: 3
C105: Total | D105: =SUM(D91:D104) -> 82 | E105: =SUM(E91:E104) -> 28 | F105: =SUM(F91:F104) -> 18 | G105: =SUM(G91:G104) -> 14

Sheet CAR LOG
G1: Corrective Action Log | AE1: Corrective Action Form | AF1: GDLS PDF | AG1: Strat/Wood PDF | AH1: Cambridge PDF
AH2: <<< Unhide previous columns for other date targets as needed
A3: Location (as applicable) | B3: Status | C3: Internal CAR # | D3: Incidence Type | E3: Type | F3: Category | G3: Received Date | H3: Month | I3: Year | J3: Part Number | K3: Part Description | L3: Part Family | M3: Reference #'s (Cust. CAR #, Stop Tag #, Audit NC #) | N3: Customer | O3: email | P3: 200 Series | Q3: 800 Series | R3: Komatsu Tracking | S3: Work Order # | T3: Manufacture Date | U3: Quantity | V3: Problem Description | W3: Department Responsible | X3: Defect Category | Y3: Champion | Z3: Containment Complete? | AA3: Corrective Action Prevention | AB3: Corrective Action Detection | AC3: Proposed Cost | AD3: Cost Approved? | AE3: Initial Resp. | AF3: Final Resp. Due Date | AG3: Completed Resp. Actual | AH3: Follow Up Dates | AI3: # Days Ongoing | AJ3: # Days to Close | AK3: Closed Date | AL3: Employee ID | AM3: RMA # | AN3: Follow up items: | AO3: Contact | AP3: Contact2 | AQ3: Contact3 | AR3: Contact4 | AS3: Debit Cost | AT3: Comments
A4: Cambridge | B4: Closed | C4: 25-013 | D4: Initial Rejection | E4: Customer | F4: 8D - Customer | G4: 45672 | H4: =MONTH(Table1[[#This Row],[Received Date]]) -> 1 | I4: =YEAR(Table1[[#This Row],[Received Date]]) -> 2025 | J4: SP-3132 | K4: Chassis | L4: =IF(ISNUMBER(SEARCH("Axle",K4)),"Axle", IF(ISNUMBER(SEARCH("Deck",K4)),"Deck", IF(ISNUMBER(SEARCH("Cab",K4)),"Cab", IF(ISNUMBER(SEARCH("Tank",K4)),"Tank", IF(ISNUMBER(SEARCH("Grill",K4)),"Grill", IF(ISNUMBER(SEARCH("Control",K4)),"Control Box", "Other")))))) -> Other | M4: N/A | N4: Midland | O4: =IF(ISNUMBER(SEARCH("mail",M4)), "Email", "") | P4: =IF(AND(200000<M4,M4<299999), 2, "") | Q4: =IF(AND(800000<M4,M4<899999), 8, "") | R4: =IF(OR(O4="Email",P4=2, Q4=8), "don't count", "count") -> count | S4: N/A | T4: 46015 | U4: 1 | V4: The frame is missing a latch Item no. 13 on drawing SP-3135 (M5075) for holding the side door open on the machine | W4: Weld | X4: Missing Component | Y4: QA | AB4: Every sub-component must be verifed for presence after welding and Twyn inspection should also be peformed at the end of welding process. Twyn was not performed on this and will be going forward. | AI4: =IF(ISBLANK(G4), "",IF(ISBLANK(AK4), TODAY()-G4, "Closed")) -> 362 | AJ4: =IF(ISBLANK(G4),"", IF(ISBLANK(AK4), "Pending", DATEDIF(G4,AK4,"d"))) -> Pending
A5: Cambridge | B5: Follow up | C5: 25-155 | D5: Initial Rejection | E5: Customer | F5: 8D - Customer | G5: 45796 | H5: =MONTH(Table1[[#This Row],[Received Date]]) -> 5 | I5: =YEAR(Table1[[#This Row],[Received Date]]) -> 2025 | J5: X830027784 | K5: Cab G | L5: =IF(ISNUMBER(SEARCH("Axle",K5)),"Axle", IF(ISNUMBER(SEARCH("Deck",K5)),"Deck", IF(ISNUMBER(SEARCH("Cab",K5)),"Cab", IF(ISNUMBER(SEARCH("Tank",K5)),"Tank", IF(ISNUMBER(SEARCH("Grill",K5)),"Grill", IF(ISNUMBER(SEARCH("Control",K5)),"Control Box", "Other")))))) -> Cab | M5: 517599 | N5: Komatsu | O5: =IF(ISNUMBER(SEARCH("mail",M5)), "Email", "") | P5: =IF(AND(200000<M5,M5<299999), 2, "") | Q5: =IF(AND(800000<M5,M5<899999), 8, "") | R5: =IF(OR(O5="Email",P5=2, Q5=8), "don't count", "count") -> count | S5: 506224 | T5: 2025-Mar | U5: 1 | V5: PB9923 windshield wiper motor has dead short causing fuse to pop when powered on | W5: Assembly | X5: Poor Function | Y5: Sibin Siva | Z5: Y | AA5: This has been supplied to us and all wiper motors are to be certified by supplier | AB5: Use the updated Cab assembly checklist (FRM-MF-065-C) to include additional electrical run test verification on all wiper motors | AI5: =IF(ISBLANK(G5), "",IF(ISBLANK(AK5), TODAY()-G5, "Closed")) -> 238 | AJ5: =IF(ISBLANK(G5),"", IF(ISBLANK(AK5), "Pending", DATEDIF(G5,AK5,"d"))) -> Pending | AT5: 46000
A6: Cambridge | B6: Closed | C6: 25-169 | D6: Initial Rejection | E6: Customer | F6: 8D - Internal | G6: 45810 | H6: =MONTH(Table1[[#This Row],[Received Date]]) -> 6 | I6: =YEAR(Table1[[#This Row],[Received Date]]) -> 2025 | J6: 58D2280002 | K6: Axle Housing STR | L6: =IF(ISNUMBER(SEARCH("Axle",K6)),"Axle", IF(ISNUMBER(SEARCH("Deck",K6)),"Deck", IF(ISNUMBER(SEARCH("Cab",K6)),"Cab", IF(ISNUMBER(SEARCH("Tank",K6)),"Tank", IF(ISNUMBER(SEARCH("Grill",K6)),"Grill", IF(ISNUMBER(SEARCH("Control",K6)),"Control Box", "Other")))))) -> Axle | M6: 898960 | N6: Komatsu | O6: =IF(ISNUMBER(SEARCH("mail",M6)), "Email", "") | P6: =IF(AND(200000<M6,M6<299999), 2, "") | Q6: =IF(AND(800000<M6,M6<899999), 8, "") -> 8 | R6: =IF(OR(O6="Email",P6=2, Q6=8), "don't count", "count") -> don't count | S6: 508787 | T6: 45802 | U6: 1 | V6: Several areas of poor weld quality. will need reworked prior to use. areas of poor weld quality marked on the part. Debit 2400 only | W6: Weld | X6: Weld Defects | Y6: Sibin Siva | Z6: Y | AA6: Welder Must weld to the customer spec. All corners needs to be wrapped and blended properly.use v-wac gauge for measuring undercut | AB6: Always use the appropriate welding parameters to measure under cut and make sure they are in spec. All corners needs to be wrapped and blended properly. | AC6: N/A | AD6: N/A | AI6: =IF(ISBLANK(G6), "",IF(ISBLANK(AK6), TODAY()-G6, "Closed")) -> 224 | AJ6: =IF(ISBLANK(G6),"", IF(ISBLANK(AK6), "Pending", DATEDIF(G6,AK6,"d"))) -> Pending
A7: Cambridge | B7: Closed | C7: 25-187 | D7: Initial Rejection | E7: Customer | F7: 8D - Internal | G7: 45832 | H7: =MONTH(Table1[[#This Row],[Received Date]]) -> 6 | I7: =YEAR(Table1[[#This Row],[Received Date]]) -> 2025 | J7: 58B2200812 | K7: Axle Housing STR | L7: =IF(ISNUMBER(SEARCH("Axle",K7)),"Axle", IF(ISNUMBER(SEARCH("Deck",K7)),"Deck", IF(ISNUMBER(SEARCH("Cab",K7)),"Cab", IF(ISNUMBER(SEARCH("Tank",K7)),"Tank", IF(ISNUMBER(SEARCH("Grill",K7)),"Grill", IF(ISNUMBER(SEARCH("Control",K7)),"Control Box", "Other")))))) -> Axle | M7: 517857 | N7: Komatsu | O7: =IF(ISNUMBER(SEARCH("mail",M7)), "Email", "") | P7: =IF(AND(200000<M7,M7<299999), 2, "") | Q7: =IF(AND(800000<M7,M7<899999), 8, "") | R7: =IF(OR(O7="Email",P7=2, Q7=8), "don't count", "count") -> count | S7: 509443 | T7: 45802 | U7: 1 | V7: During assembly at G&D axle was found with rust/debris in ports of 58B6010020 manifold, plastic caps do not provid proper protection from contamination. 58B6010020 print list eng std 4.93.003 which lists plugs that should be installed in ports to prevent contamination. Unknown why supplier is not installing plugs per engineering specs,many past defects debit 42 only | W7: Paint | X7: rust | Y7: Jatinder Singh | Z7: Y | AA7: Full protection required using caps. RP must be applied prior to putting caps | AB7: Please make sure threaded holes and machines surfaces always protected from paint and rust. RP must be applied prior to putting caps and needs to be verified | AC7: N/A | AD7: N/A | AI7: =IF(ISBLANK(G7), "",IF(ISBLANK(AK7), TODAY()-G7, "Closed")) -> 202 | AJ7: =IF(ISBLANK(G7),"", IF(ISBLANK(AK7), "Pending", DATEDIF(G7,AK7,"d"))) -> Pending
A8: Cambridge | B8: Open | C8: 25-374 | D8: Internal Audit | E8: Audit | F8: Audit CA | G8: 46010 | H8: =MONTH(Table1[[#This Row],[Received Date]]) -> 12 | I8: =YEAR(Table1[[#This Row],[Received Date]]) -> 2025 | J8: NA | K8: Product/Process Validation Receiving | L8: =IF(ISNUMBER(SEARCH("Axle",K8)),"Axle", IF(ISNUMBER(SEARCH("Deck",K8)),"Deck", IF(ISNUMBER(SEARCH("Cab",K8)),"Cab", IF(ISNUMBER(SEARCH("Tank",K8)),"Tank", IF(ISNUMBER(SEARCH("Grill",K8)),"Grill", IF(ISNUMBER(SEARCH("Control",K8)),"Control Box", "Other")))))) -> Other | M8: NA | N8: Internal | O8: =IF(ISNUMBER(SEARCH("mail",M8)), "Email", "") | P8: =IF(AND(200000<M8,M8<299999), 2, "") | Q8: =IF(AND(800000<M8,M8<899999), 8, "") | R8: NA | S8: NA | T8: NA | U8: NA | V8: Receiver not verify MTR per process map Receiver not scan paint CoA per process map Supplier PPAP not identified using QA-715 per process map | W8: Receiving | Y8: Laura Ray | AI8: =IF(ISBLANK(G8), "",IF(ISBLANK(AK8), TODAY()-G8, "Closed")) -> 24 | AJ8: =IF(ISBLANK(G8),"", IF(ISBLANK(AK8), "Pending", DATEDIF(G8,AK8,"d"))) -> Pending
A9: Cambridge | B9: Open | C9: 25-378 | D9: Internal Audit | E9: Audit | F9: OFI | G9: 46011 | H9: NA | I9: Product/Process Validation Receiving | J9: PC | K9: Training | L9: =IF(ISNUMBER(SEARCH("Axle",K9)),"Axle", IF(ISNUMBER(SEARCH("Deck",K9)),"Deck", IF(ISNUMBER(SEARCH("Cab",K9)),"Cab", IF(ISNUMBER(SEARCH("Tank",K9)),"Tank", IF(ISNUMBER(SEARCH("Grill",K9)),"Grill", IF(ISNUMBER(SEARCH("Control",K9)),"Control Box", "Other")))))) -> Other | M9: NA | N9: Internal | O9: =IF(ISNUMBER(SEARCH("mail",M9)), "Email", "") | P9: =IF(AND(200000<M9,M9<299999), 2, "") | Q9: =IF(AND(800000<M9,M9<899999), 8, "") | R9: NA | S9: NA | T9: NA | U9: NA | V9: Training Form names should be updated per markup to reflect the new form # in use in fusion. Process is followed | Y9: Sebastian | AI9: =IF(ISBLANK(G9), "",IF(ISBLANK(AK9), TODAY()-G9, "Closed")) -> 23 | AJ9: =IF(ISBLANK(G9),"", IF(ISBLANK(AK9), "Pending", DATEDIF(G9,AK9,"d"))) -> Pending
A10: Cambridge | B10: Open | C10: 25-377 | D10: Internal Audit | E10: Audit | F10: OFI | G10: 46011 | H10: NA | I10: Product/Process Validation Receiving | J10: PC | K10: Change Control | L10: =IF(ISNUMBER(SEARCH("Axle",K10)),"Axle", IF(ISNUMBER(SEARCH("Deck",K10)),"Deck", IF(ISNUMBER(SEARCH("Cab",K10)),"Cab", IF(ISNUMBER(SEARCH("Tank",K10)),"Tank", IF(ISNUMBER(SEARCH("Grill",K10)),"Grill", IF(ISNUMBER(SEARCH("Control",K10)),"Control Box", "Other")))))) -> Control Box | M10: NA | N10: Internal | O10: NA | P10: NA | Q10: =IF(AND(800000<M10,M10<899999), 8, "") | R10: NA | S10: NA | T10: NA | U10: NA | V10: ECN tab 2 is not use in Cambridge. Tab 2 is used in stratford FRM EN-007 (neither location uses this) consider updating or evaluating do we want to use this form. | W10: Engineering | Y10: Jason | AI10: =IF(ISBLANK(G10), "",IF(ISBLANK(AK10), TODAY()-G10, "Closed")) -> 23 | AJ10: =IF(ISBLANK(G10),"", IF(ISBLANK(AK10), "Pending", DATEDIF(G10,AK10,"d"))) -> Pending
A11: Cambridge | B11: Open | C11: 25-376 | D11: Internal Audit | E11: Audit | F11: OFI | G11: 46011 | H11: NA | I11: Product/Process Validation Receiving | J11: PC | K11: Shipping | L11: =IF(ISNUMBER(SEARCH("Axle",K11)),"Axle", IF(ISNUMBER(SEARCH("Deck",K11)),"Deck", IF(ISNUMBER(SEARCH("Cab",K11)),"Cab", IF(ISNUMBER(SEARCH("Tank",K11)),"Tank", IF(ISNUMBER(SEARCH("Grill",K11)),"Grill", IF(ISNUMBER(SEARCH("Control",K11)),"Control Box", "Other")))))) -> Other | M11: NA | N11: Internal | O11: NA | P11: NA | Q11: =IF(AND(800000<M11,M11<899999), 8, "") | R11: NA | S11: NA | T11: NA | U11: NA | V11: Process is followed but wording is different. Procedure states Pack list vs Pack slips. CRS is that CSR Customer Service Rep. Receive other shipping documents. It is assumed this means PPAP or Deviation documents. In process flow elizibeth currently files copy per PRO 1.1 and Invoices customer per WI-12.1 . See scanned notes | W11: Shipping | Y11: Laura Ray | AI11: =IF(ISBLANK(G11), "",IF(ISBLANK(AK11), TODAY()-G11, "Closed")) -> 23 | AJ11: =IF(ISBLANK(G11),"", IF(ISBLANK(AK11), "Pending", DATEDIF(G11,AK11,"d"))) -> Pending
A12: Cambridge | B12: Open | C12: 25-375 | D12: Internal Audit | E12: Audit | F12: OFI | G12: 46010 | H12: =MONTH(Table1[[#This Row],[Received Date]]) -> 12 | I12: =YEAR(Table1[[#This Row],[Received Date]]) -> 2025 | J12: NA | K12: Product/Process Validation Receiving | L12: =IF(ISNUMBER(SEARCH("Axle",K12)),"Axle", IF(ISNUMBER(SEARCH("Deck",K12)),"Deck", IF(ISNUMBER(SEARCH("Cab",K12)),"Cab", IF(ISNUMBER(SEARCH("Tank",K12)),"Tank", IF(ISNUMBER(SEARCH("Grill",K12)),"Grill", IF(ISNUMBER(SEARCH("Control",K12)),"Control Box", "Other")))))) -> Other | M12: NA | N12: Internal | O12: =IF(ISNUMBER(SEARCH("mail",M12)), "Email", "") | P12: =IF(AND(200000<M12,M12<299999), 2, "") | Q12: =IF(AND(800000<M12,M12<899999), 8, "") | R12: NA | S12: NA | T12: NA | U12: NA | V12: After QA finish inspection, measurement value is recorded on drawing, there is no sign off on drawing to show who performed the task and when the inspectitoin was done. The scanned drawing saved in foldder, there is no clear link supliere PO | W12: QA | Y12: Yingman Cheng | AI12: =IF(ISBLANK(G12), "",IF(ISBLANK(AK12), TODAY()-G12, "Closed")) -> 24 | AJ12: =IF(ISBLANK(G12),"", IF(ISBLANK(AK12), "Pending", DATEDIF(G12,AK12,"d"))) -> Pending
L13: =IF(ISNUMBER(SEARCH("Axle",K13)),"Axle", IF(ISNUMBER(SEARCH("Deck",K13)),"Deck", IF(ISNUMBER(SEARCH("Cab",K13)),"Cab", IF(ISNUMBER(SEARCH("Tank",K13)),"Tank", IF(ISNUMBER(SEARCH("Grill",K13)),"Grill", IF(ISNUMBER(SEARCH("Control",K13)),"Control Box", "Other")))))) -> Other
A14: Cambridge | B14: Closed | C14: 25-001 | D14: Initial Rejection | E14: Customer | F14: Log Only | G14: 45663 | H14: =MONTH(Table1[[#This Row],[Received Date]]) -> 1 | I14: =YEAR(Table1[[#This Row],[Received Date]]) -> 2025 | J14: 58B2200812 | K14: Axle, Housing STR | L14: =IF(ISNUMBER(SEARCH("Axle",K14)),"Axle", IF(ISNUMBER(SEARCH("Deck",K14)),"Deck", IF(ISNUMBER(SEARCH("Cab",K14)),"Cab", IF(ISNUMBER(SEARCH("Tank",K14)),"Tank", IF(ISNUMBER(SEARCH("Grill",K14)),"Grill", IF(ISNUMBER(SEARCH("Control",K14)),"Control Box", "Other")))))) -> Axle | M14: 516792 | N14: Komatsu | O14: =IF(ISNUMBER(SEARCH("mail",M14)), "Email", "") | P14: =IF(AND(200000<M14,M14<299999), 2, "") | Q14: =IF(AND(800000<M14,M14<899999), 8, "") | R14: =IF(OR(O14="Email",P14=2, Q14=8), "don't count", "count") -> count | S14: 504138 | T14: 45649 | U14: 1 | V14: During assembly at G&D 58b2201620 hatch door was found not latching closed properly. Latch will not grab keeper. 2 different hatch doors tried with same result. Hatch door measurement o mm checks ok. Unable to measure axle dimension of 709.7mm. EL0851 possibly welded off location for keeper. Order 1 pc of EL0851 from supplier. | W14: Weld | X14: Off Location | Y14: QA | AB14: Use the fixture in appropriate way and verify the measurments afterwards.Debit $150 | AE14: QA | AF14: QA | AG14: QA | AI14: =IF(ISBLANK(G14), "",IF(ISBLANK(AK14), TODAY()-G14, "Closed")) -> 371 | AJ14: =IF(ISBLANK(G14),"", IF(ISBLANK(AK14), "Pending", DATEDIF(G14,AK14,"d"))) -> Pending
A15: Cambridge | B15: Cancelled | C15: 25-002 | D15: Initial Rejection | E15: Customer | F15: Log Only | G15: 45659 | H15: =MONTH(Table1[[#This Row],[Received Date]]) -> 1 | I15: =YEAR(Table1[[#This Row],[Received Date]]) -> 2025 | J15: 58B5422835 | K15: Control box | L15: =IF(ISNUMBER(SEARCH("Axle",K15)),"Axle", IF(ISNUMBER(SEARCH("Deck",K15)),"Deck", IF(ISNUMBER(SEARCH("Cab",K15)),"Cab", IF(ISNUMBER(SEARCH("Tank",K15)),"Tank", IF(ISNUMBER(SEARCH("Grill",K15)),"Grill", IF(ISNUMBER(SEARCH("Control",K15)),"Control Box", "Other")))))) -> Control Box | M15: 954246 | N15: Komatsu | O15: =IF(ISNUMBER(SEARCH("mail",M15)), "Email", "") | P15: =IF(AND(200000<M15,M15<299999), 2, "") | Q15: =IF(AND(800000<M15,M15<899999), 8, "") | R15: =IF(OR(O15="Email",P15=2, Q15=8), "don't count", "count") -> count | S15: 501223 | T15: N/A | U15: 1 | V15: When checking for water damage the door came off hinges and dropped the door causing some bent . | W15: Mateial Handling | X15: Damaged | Y15: QA | AB15: This should not be on us as it was mis-handled by Komatsu employees. | AI15: =IF(ISBLANK(G15), "",IF(ISBLANK(AK15), TODAY()-G15, "Closed")) -> 375 | AJ15: =IF(ISBLANK(G15),"", IF(ISBLANK(AK15), "Pending", DATEDIF(G15,AK15,"d"))) -> Pending
A16: Cambridge | B16: Closed | C16: 25-003 | D16: Initial Rejection | E16: Customer | F16: Log Only | G16: 45663 | H16: =MONTH(Table1[[#This Row],[Received Date]]) -> 1 | I16: =YEAR(Table1[[#This Row],[Received Date]]) -> 2025 | J16: 58B5422835 | K16: Control box | L16: =IF(ISNUMBER(SEARCH("Axle",K16)),"Axle", IF(ISNUMBER(SEARCH("Deck",K16)),"Deck", IF(ISNUMBER(SEARCH("Cab",K16)),"Cab", IF(ISNUMBER(SEARCH("Tank",K16)),"Tank", IF(ISNUMBER(SEARCH("Grill",K16)),"Grill", IF(ISNUMBER(SEARCH("Control",K16)),"Control Box", "Other")))))) -> Control Box | M16: 516427 | N16: Komatsu | O16: =IF(ISNUMBER(SEARCH("mail",M16)), "Email", "") | P16: =IF(AND(200000<M16,M16<299999), 2, "") | Q16: =IF(AND(800000<M16,M16<899999), 8, "") | R16: =IF(OR(O16="Email",P16=2, Q16=8), "don't count", "count") -> count | S16: 493151 | T16: 45801 | U16: 1 | V16: Right hand side mounting plate is welded on approx 120mm off. Spec: 1321.1mm & actual measurement is 1200mm. | W16: Weld | X16: Off Location | Y16: QA | AB16: 100% Twyn inspection on all cabinets as per QA 25-002 | AI16: =IF(ISBLANK(G16), "",IF(ISBLANK(AK16), TODAY()-G16, "Closed")) -> 371 | AJ16: =IF(ISBLANK(G16),"", IF(ISBLANK(AK16), "Pending", DATEDIF(G16,AK16,"d"))) -> Pending
A17: Cambridge | B17: Cancelled | C17: 25-004 | D17: Pull stock / Purge | E17: Customer | F17: Log Only | G17: 45663 | H17: =MONTH(Table1[[#This Row],[Received Date]]) -> 1 | I17: =YEAR(Table1[[#This Row],[Received Date]]) -> 2025 | J17: 58F8000884 | K17: Grille Str. | L17: =IF(ISNUMBER(SEARCH("Axle",K17)),"Axle", IF(ISNUMBER(SEARCH("Deck",K17)),"Deck", IF(ISNUMBER(SEARCH("Cab",K17)),"Cab", IF(ISNUMBER(SEARCH("Tank",K17)),"Tank", IF(ISNUMBER(SEARCH("Grill",K17)),"Grill", IF(ISNUMBER(SEARCH("Control",K17)),"Control Box", "Other")))))) -> Grill | M17: 898398 | N17: Komatsu | O17: =IF(ISNUMBER(SEARCH("mail",M17)), "Email", "") | P17: =IF(AND(200000<M17,M17<299999), 2, "") | Q17: =IF(AND(800000<M17,M17<899999), 8, "") -> 8 | R17: =IF(OR(O17="Email",P17=2, Q17=8), "don't count", "count") -> don't count | S17: N/A | T17: N/A | U17: 1 | V17: Wrong cap screw welded on part for radiator cap to bolt on. Should be .875" long and founds ome of 0.750". Same as defect 516729 (24-358). | W17: Weld | X17: Wrong Component | Y17: QA | AB17: Material handlers: Make sure right parts are picked as per work order. Verify the length & thread size of studs, nuts and cap screws as it can be mis-interptered easily. QA 24-178. Debit $7890.05 | AI17: =IF(ISBLANK(G17), "",IF(ISBLANK(AK17), TODAY()-G17, "Closed")) -> 371 | AJ17: =IF(ISBLANK(G17),"", IF(ISBLANK(AK17), "Pending", DATEDIF(G17,AK17,"d"))) -> Pending
A18: Cambridge | B18: Closed | C18: 25-005 | D18: Initial Rejection | E18: Customer | F18: Log Only | G18: 45664 | H18: =MONTH(Table1[[#This Row],[Received Date]]) -> 1 | I18: =YEAR(Table1[[#This Row],[Received Date]]) -> 2025 | J18: 58F5431051 | K18: Platfrom A, lH Deck str. | L18: =IF(ISNUMBER(SEARCH("Axle",K18)),"Axle", IF(ISNUMBER(SEARCH("Deck",K18)),"Deck", IF(ISNUMBER(SEARCH("Cab",K18)),"Cab", IF(ISNUMBER(SEARCH("Tank",K18)),"Tank", IF(ISNUMBER(SEARCH("Grill",K18)),"Grill", IF(ISNUMBER(SEARCH("Control",K18)),"Control Box", "Other")))))) -> Deck | M18: 954252 | N18: Komatsu | O18: =IF(ISNUMBER(SEARCH("mail",M18)), "Email", "") | P18: =IF(AND(200000<M18,M18<299999), 2, "") | Q18: =IF(AND(800000<M18,M18<899999), 8, "") | R18: =IF(OR(O18="Email",P18=2, Q18=8), "don't count", "count") -> count | S18: 503489 | T18: N/A | U18: 1 | V18: PPAP part. Welds does not meet the print spec.Debit $14085.22 | W18: Weld | X18: PPAP | AB18: Okay for wash magnets needs tro be used to signal its ready for wash. Do not wash any PPAP part without if these magnets are not put on the part by quality | AI18: =IF(ISBLANK(G18), "",IF(ISBLANK(AK18), TODAY()-G18, "Closed")) -> 370 | AJ18: =IF(ISBLANK(G18),"", IF(ISBLANK(AK18), "Pending", DATEDIF(G18,AK18,"d"))) -> Pending
A19: Cambridge | B19: Closed | C19: 25-006 | D19: Initial Rejection | E19: Customer | F19: Log Only | G19: 45666 | H19: =MONTH(Table1[[#This Row],[Received Date]]) -> 1 | I19: =YEAR(Table1[[#This Row],[Received Date]]) -> 2025 | J19: 58B5422835 | K19: Control box | L19: =IF(ISNUMBER(SEARCH("Axle",K19)),"Axle", IF(ISNUMBER(SEARCH("Deck",K19)),"Deck", IF(ISNUMBER(SEARCH("Cab",K19)),"Cab", IF(ISNUMBER(SEARCH("Tank",K19)),"Tank", IF(ISNUMBER(SEARCH("Grill",K19)),"Grill", IF(ISNUMBER(SEARCH("Control",K19)),"Control Box", "Other")))))) -> Control Box | M19: 954256 | N19: Komatsu | O19: =IF(ISNUMBER(SEARCH("mail",M19)), "Email", "") | P19: =IF(AND(200000<M19,M19<299999), 2, "") | Q19: =IF(AND(800000<M19,M19<899999), 8, "") | R19: =IF(OR(O19="Email",P19=2, Q19=8), "don't count", "count") -> count | S19: 501048 | T19: 45985 | U19: 1 | V19: Water leakage between the walls. Debit $8334.20 only | W19: Wash | X19: water leakage | Y19: QA | AB19: Kan to try wiping with alcohol instead of washing. Wash only outside and wipe down inside with alcohol. | AI19: =IF(ISBLANK(G19), "",IF(ISBLANK(AK19), TODAY()-G19, "Closed")) -> 368 | AJ19: =IF(ISBLANK(G19),"", IF(ISBLANK(AK19), "Pending", DATEDIF(G19,AK19,"d"))) -> Pending
A20: Cambridge | B20: Closed | C20: 25-007 | D20: Initial Rejection | E20: Customer | F20: Log Only | G20: 45666 | H20: =MONTH(Table1[[#This Row],[Received Date]]) -> 1 | I20: =YEAR(Table1[[#This Row],[Received Date]]) -> 2025 | J20: X830027784 | K20: Cab G, Purchased | L20: =IF(ISNUMBER(SEARCH("Axle",K20)),"Axle", IF(ISNUMBER(SEARCH("Deck",K20)),"Deck", IF(ISNUMBER(SEARCH("Cab",K20)),"Cab", IF(ISNUMBER(SEARCH("Tank",K20)),"Tank", IF(ISNUMBER(SEARCH("Grill",K20)),"Grill", IF(ISNUMBER(SEARCH("Control",K20)),"Control Box", "Other")))))) -> Cab | M20: 516816 | N20: Komatsu | O20: =IF(ISNUMBER(SEARCH("mail",M20)), "Email", "") | P20: =IF(AND(200000<M20,M20<299999), 2, "") | Q20: =IF(AND(800000<M20,M20<899999), 8, "") | R20: =IF(OR(O20="Email",P20=2, Q20=8), "don't count", "count") -> count | S20: 502242 | T20: 45985 | U20: 1 | V20: 58E-54-10682 trim bracket is off location inside of cab causing RH side panel 58B-54-70770 to not fit properly. Trim bracket should measure 345.1mm from tapped hole in rops frame. Actual measurement is approx. 341mm | W20: Weld | X20: Off Location | AB20: QA 25-005 to use fixture. Debit $450.00 only | AI20: =IF(ISBLANK(G20), "",IF(ISBLANK(AK20), TODAY()-G20, "Closed")) -> 368 | AJ20: =IF(ISBLANK(G20),"", IF(ISBLANK(AK20), "Pending", DATEDIF(G20,AK20,"d"))) -> Pending
A21: Cambridge | B21: Closed | C21: 25-008 | D21: Initial Rejection | E21: Customer | F21: Log Only | G21: 45666 | H21: =MONTH(Table1[[#This Row],[Received Date]]) -> 1 | I21: =YEAR(Table1[[#This Row],[Received Date]]) -> 2025 | J21: SP-10 | K21: Chassis | L21: =IF(ISNUMBER(SEARCH("Axle",K21)),"Axle", IF(ISNUMBER(SEARCH("Deck",K21)),"Deck", IF(ISNUMBER(SEARCH("Cab",K21)),"Cab", IF(ISNUMBER(SEARCH("Tank",K21)),"Tank", IF(ISNUMBER(SEARCH("Grill",K21)),"Grill", IF(ISNUMBER(SEARCH("Control",K21)),"Control Box", "Other")))))) -> Other | M21: N/A | N21: Midland | O21: =IF(ISNUMBER(SEARCH("mail",M21)), "Email", "") | P21: =IF(AND(200000<M21,M21<299999), 2, "") | Q21: =IF(AND(800000<M21,M21<899999), 8, "") | R21: =IF(OR(O21="Email",P21=2, Q21=8), "don't count", "count") -> count | S21: N/A | T21: 46015 | U21: 1 | V21: The left side operator console mount socket (SP-134) is not square to the deck of the machine. | W21: Weld | X21: Off Location | Y21: QA | AB21: QA issued stating team member must verify squarness. Mount Sockets should be checked for square after welding and do not apply excessive heat input during hollow pipe welding. | AI21: =IF(ISBLANK(G21), "",IF(ISBLANK(AK21), TODAY()-G21, "Closed")) -> 368 | AJ21: =IF(ISBLANK(G21),"", IF(ISBLANK(AK21), "Pending", DATEDIF(G21,AK21,"d"))) -> Pending
A22: Cambridge | B22: In Dispute | C22: 25-011 | D22: Initial Rejection | E22: Customer | F22: Log Only | G22: 45671 | H22: =MONTH(Table1[[#This Row],[Received Date]]) -> 1 | I22: =YEAR(Table1[[#This Row],[Received Date]]) -> 2025 | J22: 58E5430663 | K22: Handle, Door Grab RH | L22: =IF(ISNUMBER(SEARCH("Axle",K22)),"Axle", IF(ISNUMBER(SEARCH("Deck",K22)),"Deck", IF(ISNUMBER(SEARCH("Cab",K22)),"Cab", IF(ISNUMBER(SEARCH("Tank",K22)),"Tank", IF(ISNUMBER(SEARCH("Grill",K22)),"Grill", IF(ISNUMBER(SEARCH("Control",K22)),"Control Box", "Other")))))) -> Other | M22: 310655 | N22: Komatsu | O22: =IF(ISNUMBER(SEARCH("mail",M22)), "Email", "") | P22: =IF(AND(200000<M22,M22<299999), 2, "") | Q22: =IF(AND(800000<M22,M22<899999), 8, "") | R22: =IF(OR(O22="Email",P22=2, Q22=8), "don't count", "count") -> count | S22: N/A | T22: N/A | U22: 31 | V22: Wrong part # is printed on the sticker thats taped to the part. Part #58E-54-30662 is on the sticker, but should be part #58E-54-30663. | W22: Final Assembly / Shipping | X22: Wrong Product ID | Y22: QA | AB22: Ensure the right lable is used on the part as the the print | AI22: =IF(ISBLANK(G22), "",IF(ISBLANK(AK22), TODAY()-G22, "Closed")) -> 363 | AJ22: =IF(ISBLANK(G22),"", IF(ISBLANK(AK22), "Pending", DATEDIF(G22,AK22,"d"))) -> Pending
A23: Cambridge | B23: Closed | C23: 25-012 | D23: Initial Rejection | E23: Customer | F23: Log Only | G23: 45671 | H23: =MONTH(Table1[[#This Row],[Received Date]]) -> 1 | I23: =YEAR(Table1[[#This Row],[Received Date]]) -> 2025 | J23: 58F0150571 | K23: Muffler A., Exhaust | L23: =IF(ISNUMBER(SEARCH("Axle",K23)),"Axle", IF(ISNUMBER(SEARCH("Deck",K23)),"Deck", IF(ISNUMBER(SEARCH("Cab",K23)),"Cab", IF(ISNUMBER(SEARCH("Tank",K23)),"Tank", IF(ISNUMBER(SEARCH("Grill",K23)),"Grill", IF(ISNUMBER(SEARCH("Control",K23)),"Control Box", "Other")))))) -> Other | M23: 310657 | N23: Komatsu | O23: =IF(ISNUMBER(SEARCH("mail",M23)), "Email", "") | P23: =IF(AND(200000<M23,M23<299999), 2, "") | Q23: =IF(AND(800000<M23,M23<899999), 8, "") | R23: =IF(OR(O23="Email",P23=2, Q23=8), "don't count", "count") -> count | S23: 499257 | T23: 45985 | U23: 1 | V23: Wrong part sent by supplier. Part #58F-02-50571 was ordered, but part #58F-02-50570 was received. This was a mistake from our side and it got resolved in Nov-2024. see emails in the CAR folder | W23: Shipping | X23: Wrong Part | Y23: QA | AB23: Verify the part ID with the packaing slip beofre putting them in the crate | AI23: =IF(ISBLANK(G23), "",IF(ISBLANK(AK23), TODAY()-G23, "Closed")) -> 363 | AJ23: =IF(ISBLANK(G23),"", IF(ISBLANK(AK23), "Pending", DATEDIF(G23,AK23,"d"))) -> Pending
A24: Cambridge | B24: Closed | C24: 25-015 | D24: Initial Rejection | E24: Customer | F24: Log Only | G24: 45673 | H24: =MONTH(Table1[[#This Row],[Received Date]]) -> 1 | I24: =YEAR(Table1[[#This Row],[Received Date]]) -> 2025 | J24: 58E5430653 | K24: Handle, Door Grab LH | L24: =IF(ISNUMBER(SEARCH("Axle",K24)),"Axle", IF(ISNUMBER(SEARCH("Deck",K24)),"Deck", IF(ISNUMBER(SEARCH("Cab",K24)),"Cab", IF(ISNUMBER(SEARCH("Tank",K24)),"Tank", IF(ISNUMBER(SEARCH("Grill",K24)),"Grill", IF(ISNUMBER(SEARCH("Control",K24)),"Control Box", "Other")))))) -> Other | M24: 310629 | N24: Komatsu | O24: =IF(ISNUMBER(SEARCH("mail",M24)), "Email", "") | P24: =IF(AND(200000<M24,M24<299999), 2, "") | Q24: =IF(AND(800000<M24,M24<899999), 8, "") | R24: =IF(OR(O24="Email",P24=2, Q24=8), "don't count", "count") -> count | S24: N/A | T24: N/A | U24: 44 | V24: Customer ordered 58E5430653 but we supplied them 58E5430663 and the label on the part was different too (58E5430652). | W24: Final Assembly | X24: Wrong Part | Y24: QA | AB24: Refer the print and Quality alert to make sure the part and label is correct prir to packaging | AI24: =IF(ISBLANK(G24), "",IF(ISBLANK(AK24), TODAY()-G24, "Closed")) -> 361 | AJ24: =IF(ISBLANK(G24),"", IF(ISBLANK(AK24), "Pending", DATEDIF(G24,AK24,"d"))) -> Pending
A25: Cambridge | B25: Closed | C25: 25-016 | D25: Initial Rejection | E25: Customer | F25: Log Only | G25: 45674 | H25: =MONTH(Table1[[#This Row],[Received Date]]) -> 1 | I25: =YEAR(Table1[[#This Row],[Received Date]]) -> 2025 | J25: X830027784 | K25: Cab G, Purchased | L25: =IF(ISNUMBER(SEARCH("Axle",K25)),"Axle", IF(ISNUMBER(SEARCH("Deck",K25)),"Deck", IF(ISNUMBER(SEARCH("Cab",K25)),"Cab", IF(ISNUMBER(SEARCH("Tank",K25)),"Tank", IF(ISNUMBER(SEARCH("Grill",K25)),"Grill", IF(ISNUMBER(SEARCH("Control",K25)),"Control Box", "Other")))))) -> Cab | M25: 516863 | N25: Komatsu | O25: =IF(ISNUMBER(SEARCH("mail",M25)), "Email", "") | P25: =IF(AND(200000<M25,M25<299999), 2, "") | Q25: =IF(AND(800000<M25,M25<899999), 8, "") | R25: =IF(OR(O25="Email",P25=2, Q25=8), "don't count", "count") -> count | S25: 503174 | T25: 46015 | U25: 1 | V25: Cab assy recieved at PMO with the bottom rh mm0576 weld nut welded off location on the 58E5424252 plate A.,Steering mtg. The steering column will not bolt up. | W25: Weld | X25: Off Location | Y25: QA | AB25: QA 25-012 to do a bolt check on all nuts after welding | AI25: =IF(ISBLANK(G25), "",IF(ISBLANK(AK25), TODAY()-G25, "Closed")) -> 360 | AJ25: =IF(ISBLANK(G25),"", IF(ISBLANK(AK25), "Pending", DATEDIF(G25,AK25,"d"))) -> Pending
A26: Cambridge | B26: Closed | C26: 25-017 | D26: Initial Rejection | E26: Customer | F26: Log Only | G26: 45674 | H26: =MONTH(Table1[[#This Row],[Received Date]]) -> 1 | I26: =YEAR(Table1[[#This Row],[Received Date]]) -> 2025 | J26: 58B4601802 | K26: Support, Str. | L26: =IF(ISNUMBER(SEARCH("Axle",K26)),"Axle", IF(ISNUMBER(SEARCH("Deck",K26)),"Deck", IF(ISNUMBER(SEARCH("Cab",K26)),"Cab", IF(ISNUMBER(SEARCH("Tank",K26)),"Tank", IF(ISNUMBER(SEARCH("Grill",K26)),"Grill", IF(ISNUMBER(SEARCH("Control",K26)),"Control Box", "Other")))))) -> Other | M26: 954267 | N26: Komatsu | O26: =IF(ISNUMBER(SEARCH("mail",M26)), "Email", "") | P26: =IF(AND(200000<M26,M26<299999), 2, "") | Q26: =IF(AND(800000<M26,M26<899999), 8, "") | R26: =IF(OR(O26="Email",P26=2, Q26=8), "don't count", "count") -> count | S26: 505069 | T26: 45682 | U26: 1 | V26: PPAP Part. item 33 should be welded under Item 4 both sides. Item 34&35 channe welds are low and have undercut.Welds needs to go over tacks.berries ,overlap, reentery angle lack of fusion on prep parts size on conner of the tubes | W26: Weld | X26: Undercut | AB26: QA 25-013 Debit $150 only | AI26: =IF(ISBLANK(G26), "",IF(ISBLANK(AK26), TODAY()-G26, "Closed")) -> 360 | AJ26: =IF(ISBLANK(G26),"", IF(ISBLANK(AK26), "Pending", DATEDIF(G26,AK26,"d"))) -> Pending
A27: Cambridge | B27: Closed | C27: 25-018 | D27: Initial Rejection | E27: Customer | F27: Log Only | G27: 45674 | H27: =MONTH(Table1[[#This Row],[Received Date]]) -> 1 | I27: =YEAR(Table1[[#This Row],[Received Date]]) -> 2025 | J27: 58F2200900 | K27: Axle, Housing STR | L27: =IF(ISNUMBER(SEARCH("Axle",K27)),"Axle", IF(ISNUMBER(SEARCH("Deck",K27)),"Deck", IF(ISNUMBER(SEARCH("Cab",K27)),"Cab", IF(ISNUMBER(SEARCH("Tank",K27)),"Tank", IF(ISNUMBER(SEARCH("Grill",K27)),"Grill", IF(ISNUMBER(SEARCH("Control",K27)),"Control Box", "Other")))))) -> Axle | M27: 516872 | N27: Komatsu | O27: =IF(ISNUMBER(SEARCH("mail",M27)), "Email", "") | P27: =IF(AND(200000<M27,M27<299999), 2, "") | Q27: =IF(AND(800000<M27,M27<899999), 8, "") | R27: =IF(OR(O27="Email",P27=2, Q27=8), "don't count", "count") -> count | S27: 505507 | T27: 45682 | U27: 1 | V27: During assembly at G&D rear tube str 58F2200940 was found not fitting on rear axle. Print dimension of 684 mm between 58F2200830 tapped pads measures approx 687 mm. Two different 58F2200940 tubes tried with same result. REWORK AT PMO. ORDER 1 PC OF 58F2200830 TAPPED PAD | W27: Weld | X27: Off Location | Y27: QA | AB27: Use the fixture in appropriate way and verify the measurments afterwards if Twyn shows off location. Debit $75 | AI27: =IF(ISBLANK(G27), "",IF(ISBLANK(AK27), TODAY()-G27, "Closed")) -> 360 | AJ27: =IF(ISBLANK(G27),"", IF(ISBLANK(AK27), "Pending", DATEDIF(G27,AK27,"d"))) -> Pending | AN27: Need fixture | AO27: John Megan
A28: Cambridge | B28: Closed | C28: 25-019 | D28: Initial Rejection | E28: Customer | F28: Log Only | G28: 45679 | H28: =MONTH(Table1[[#This Row],[Received Date]]) -> 1 | I28: =YEAR(Table1[[#This Row],[Received Date]]) -> 2025 | J28: 58B5421831 | K28: Control Box | L28: =IF(ISNUMBER(SEARCH("Axle",K28)),"Axle", IF(ISNUMBER(SEARCH("Deck",K28)),"Deck", IF(ISNUMBER(SEARCH("Cab",K28)),"Cab", IF(ISNUMBER(SEARCH("Tank",K28)),"Tank", IF(ISNUMBER(SEARCH("Grill",K28)),"Grill", IF(ISNUMBER(SEARCH("Control",K28)),"Control Box", "Other")))))) -> Control Box | M28: N/A | N28: Timberline/ Komatsu | O28: =IF(ISNUMBER(SEARCH("mail",M28)), "Email", "") | P28: =IF(AND(200000<M28,M28<299999), 2, "") | Q28: =IF(AND(800000<M28,M28<899999), 8, "") | R28: =IF(OR(O28="Email",P28=2, Q28=8), "don't count", "count") -> count | S28: N/A | T28: 45679 | U28: 1 | V28: Broken stud on inner left wall( May be lack of fusion) | W28: Weld | X28: Lack of Fusion | Y28: QA | AB28: Need to weld the studs with appropriate welding parameters. | AI28: =IF(ISBLANK(G28), "",IF(ISBLANK(AK28), TODAY()-G28, "Closed")) -> 355 | AJ28: =IF(ISBLANK(G28),"", IF(ISBLANK(AK28), "Pending", DATEDIF(G28,AK28,"d"))) -> Pending
A29: Stratford | B29: Closed | C29: 25-020 | D29: Initial Rejection | E29: Customer | F29: Log Only | G29: 45679 | H29: =MONTH(Table1[[#This Row],[Received Date]]) -> 1 | I29: =YEAR(Table1[[#This Row],[Received Date]]) -> 2025 | J29: 58F4600541 | K29: Upright A., L.H. STR | L29: =IF(ISNUMBER(SEARCH("Axle",K29)),"Axle", IF(ISNUMBER(SEARCH("Deck",K29)),"Deck", IF(ISNUMBER(SEARCH("Cab",K29)),"Cab", IF(ISNUMBER(SEARCH("Tank",K29)),"Tank", IF(ISNUMBER(SEARCH("Grill",K29)),"Grill", IF(ISNUMBER(SEARCH("Control",K29)),"Control Box", "Other")))))) -> Other | M29: 936421 | N29: Komatsu | O29: =IF(ISNUMBER(SEARCH("mail",M29)), "Email", "") | P29: =IF(AND(200000<M29,M29<299999), 2, "") | Q29: =IF(AND(800000<M29,M29<899999), 8, "") | R29: =IF(OR(O29="Email",P29=2, Q29=8), "don't count", "count") -> count | S29: 197979 | T29: 45658 | U29: 1 | V29: 58F4600541 found with sheet metal (58F-46-00590 & 58F-46-00580) not square and on right location. 38.0 dimension found out of specification. | W29: Weld | X29: Out of Specification | Y29: QA | AB29: 1.Engineerng needs add extra dimension to assit weld process. 2. Quality alert has been issued (25-017). | AI29: =IF(ISBLANK(G29), "",IF(ISBLANK(AK29), TODAY()-G29, "Closed")) -> 355 | AJ29: =IF(ISBLANK(G29),"", IF(ISBLANK(AK29), "Pending", DATEDIF(G29,AK29,"d"))) -> Pending
A30: Cambridge | B30: Closed | C30: 25-021 | D30: Initial Rejection | E30: Customer | F30: Log Only | G30: 45681 | H30: =MONTH(Table1[[#This Row],[Received Date]]) -> 1 | I30: =YEAR(Table1[[#This Row],[Received Date]]) -> 2025 | J30: X830027784 | K30: Cab | L30: =IF(ISNUMBER(SEARCH("Axle",K30)),"Axle", IF(ISNUMBER(SEARCH("Deck",K30)),"Deck", IF(ISNUMBER(SEARCH("Cab",K30)),"Cab", IF(ISNUMBER(SEARCH("Tank",K30)),"Tank", IF(ISNUMBER(SEARCH("Grill",K30)),"Grill", IF(ISNUMBER(SEARCH("Control",K30)),"Control Box", "Other")))))) -> Cab | M30: 516949 | N30: Komatsu | O30: =IF(ISNUMBER(SEARCH("mail",M30)), "Email", "") | P30: =IF(AND(200000<M30,M30<299999), 2, "") | Q30: =IF(AND(800000<M30,M30<899999), 8, "") | R30: =IF(OR(O30="Email",P30=2, Q30=8), "don't count", "count") -> count | S30: 503181 | T30: 45682 | U30: 1 | V30: Cab floor RH lwr sheet 58E-54-24761 has hole/weld nut off location where 58B5470490 dash bottom cover bolts to the floor. hole should measure 318mm from the egde of the lower sheet hole actually measures approx. 315mm causing cover to not properly fit. Rework in dept | W30: Weld | X30: Off Location | Y30: QA | AB30: Measurement should be taken properly during welding. | AI30: =IF(ISBLANK(G30), "",IF(ISBLANK(AK30), TODAY()-G30, "Closed")) -> 353 | AJ30: =IF(ISBLANK(G30),"", IF(ISBLANK(AK30), "Pending", DATEDIF(G30,AK30,"d"))) -> Pending
A31: Cambridge | B31: Closed | C31: 25-022 | D31: Initial Rejection | E31: Customer | F31: Log Only | G31: 45685 | H31: =MONTH(Table1[[#This Row],[Received Date]]) -> 1 | I31: =YEAR(Table1[[#This Row],[Received Date]]) -> 2025 | J31: 58B5422835 | K31: Control Box | L31: =IF(ISNUMBER(SEARCH("Axle",K31)),"Axle", IF(ISNUMBER(SEARCH("Deck",K31)),"Deck", IF(ISNUMBER(SEARCH("Cab",K31)),"Cab", IF(ISNUMBER(SEARCH("Tank",K31)),"Tank", IF(ISNUMBER(SEARCH("Grill",K31)),"Grill", IF(ISNUMBER(SEARCH("Control",K31)),"Control Box", "Other")))))) -> Control Box | M31: N/A, | N31: Liberty | O31: =IF(ISNUMBER(SEARCH("mail",M31)), "Email", "") | P31: =IF(AND(200000<M31,M31<299999), 2, "") | Q31: =IF(AND(800000<M31,M31<899999), 8, "") | R31: =IF(OR(O31="Email",P31=2, Q31=8), "don't count", "count") -> count | S31: 505079, 501223 | T31: 45685 | U31: 2 | V31: We received a defect notice from Liberty on 58B5422835 enclosure about holes not being plugged before paint, Incorrect holes plugged prior to painting, causing insufficient hole diameter | W31: Paint | X31: Missed Operation | Y31: QA | AB31: All threaded holes must be plugged in properly before paint. | AI31: =IF(ISBLANK(G31), "",IF(ISBLANK(AK31), TODAY()-G31, "Closed")) -> 349 | AJ31: =IF(ISBLANK(G31),"", IF(ISBLANK(AK31), "Pending", DATEDIF(G31,AK31,"d"))) -> Pending
A32: Cambridge | B32: Closed | C32: 25-023 | D32: Initial Rejection | E32: Customer | F32: Log Only | G32: 45686 | H32: =MONTH(Table1[[#This Row],[Received Date]]) -> 1 | I32: =YEAR(Table1[[#This Row],[Received Date]]) -> 2025 | J32: 58E2200133 | K32: Axle, Housing STR | L32: =IF(ISNUMBER(SEARCH("Axle",K32)),"Axle", IF(ISNUMBER(SEARCH("Deck",K32)),"Deck", IF(ISNUMBER(SEARCH("Cab",K32)),"Cab", IF(ISNUMBER(SEARCH("Tank",K32)),"Tank", IF(ISNUMBER(SEARCH("Grill",K32)),"Grill", IF(ISNUMBER(SEARCH("Control",K32)),"Control Box", "Other")))))) -> Axle | M32: 516971 | N32: Komatsu | O32: =IF(ISNUMBER(SEARCH("mail",M32)), "Email", "") | P32: =IF(AND(200000<M32,M32<299999), 2, "") | Q32: =IF(AND(800000<M32,M32<899999), 8, "") | R32: =IF(OR(O32="Email",P32=2, Q32=8), "don't count", "count") -> count | S32: 504128 | T32: 45686 | U32: 1 | V32: During assembly at G&D 2 pcs of EG7814 were found welded to axle off location. Print 58E2200143 lists dimension of 162.7 mm center of hole to center of hole. Actual measurement is approx 150 mm between holes. 2 pcs will need cut off and located per print. REWORK AT PMO. ORDER 2 PCS OF EG7814 | W32: Weld | X32: Off Location | Y32: Jatinder Singh | AB32: Measurement should be taken properly during marking process and should be verified after tack welding. Fixture needs to make to locate three EG7418 blockes. | AI32: =IF(ISBLANK(G32), "",IF(ISBLANK(AK32), TODAY()-G32, "Closed")) -> 348 | AJ32: =IF(ISBLANK(G32),"", IF(ISBLANK(AK32), "Pending", DATEDIF(G32,AK32,"d"))) -> Pending
A33: Cambridge | B33: Closed | C33: 25-024 | D33: Initial Rejection | E33: Customer | F33: Log Only | G33: 45687 | H33: =MONTH(Table1[[#This Row],[Received Date]]) -> 1 | I33: =YEAR(Table1[[#This Row],[Received Date]]) -> 2025 | J33: 58B5422835 | K33: Control Box | L33: =IF(ISNUMBER(SEARCH("Axle",K33)),"Axle", IF(ISNUMBER(SEARCH("Deck",K33)),"Deck", IF(ISNUMBER(SEARCH("Cab",K33)),"Cab", IF(ISNUMBER(SEARCH("Tank",K33)),"Tank", IF(ISNUMBER(SEARCH("Grill",K33)),"Grill", IF(ISNUMBER(SEARCH("Control",K33)),"Control Box", "Other")))))) -> Control Box | M33: N/A,404111 | N33: Timberline/ Komatsu | O33: =IF(ISNUMBER(SEARCH("mail",M33)), "Email", "") | P33: =IF(AND(200000<M33,M33<299999), 2, "") | Q33: =IF(AND(800000<M33,M33<899999), 8, "") | R33: =IF(OR(O33="Email",P33=2, Q33=8), "don't count", "count") -> count | S33: 501224, 504634 | T33: 45687 | U33: 11 | V33: Weld not complete around stud in section C-C on Page 2. | W33: Weld | X33: Missing Weld | Y33: Jatinder Singh | AB33: Studs must be welded all around as per drawing. Debit $600 | AI33: =IF(ISBLANK(G33), "",IF(ISBLANK(AK33), TODAY()-G33, "Closed")) -> 347 | AJ33: =IF(ISBLANK(G33),"", IF(ISBLANK(AK33), "Pending", DATEDIF(G33,AK33,"d"))) -> Pending
A34: Cambridge | B34: Closed | C34: 25-025 | D34: Initial Rejection | E34: Customer | F34: Log Only | G34: 45687 | H34: =MONTH(Table1[[#This Row],[Received Date]]) -> 1 | I34: =YEAR(Table1[[#This Row],[Received Date]]) -> 2025 | J34: 58B5422835 | K34: Control Box | L34: =IF(ISNUMBER(SEARCH("Axle",K34)),"Axle", IF(ISNUMBER(SEARCH("Deck",K34)),"Deck", IF(ISNUMBER(SEARCH("Cab",K34)),"Cab", IF(ISNUMBER(SEARCH("Tank",K34)),"Tank", IF(ISNUMBER(SEARCH("Grill",K34)),"Grill", IF(ISNUMBER(SEARCH("Control",K34)),"Control Box", "Other")))))) -> Control Box | M34: N/A | N34: Timberline/ Komatsu | O34: =IF(ISNUMBER(SEARCH("mail",M34)), "Email", "") | P34: =IF(AND(200000<M34,M34<299999), 2, "") | Q34: =IF(AND(800000<M34,M34<899999), 8, "") | R34: =IF(OR(O34="Email",P34=2, Q34=8), "don't count", "count") -> count | S34: 505080 | T34: 45687 | U34: 1 | V34: Bar on right door welded towards right side of door instead of left side of door. | W34: Weld | X34: Off Location | Y34: Jatinder Singh | AB34: Rods should be welded according to the print and must be verifed after tack welding. | AI34: =IF(ISBLANK(G34), "",IF(ISBLANK(AK34), TODAY()-G34, "Closed")) -> 347 | AJ34: =IF(ISBLANK(G34),"", IF(ISBLANK(AK34), "Pending", DATEDIF(G34,AK34,"d"))) -> Pending
A35: Cambridge | B35: Closed | C35: 25-026 | D35: Initial Rejection | E35: Customer | F35: Log Only | G35: 45688 | H35: =MONTH(Table1[[#This Row],[Received Date]]) -> 1 | I35: =YEAR(Table1[[#This Row],[Received Date]]) -> 2025 | J35: 58B5422835 | K35: Control Box | L35: =IF(ISNUMBER(SEARCH("Axle",K35)),"Axle", IF(ISNUMBER(SEARCH("Deck",K35)),"Deck", IF(ISNUMBER(SEARCH("Cab",K35)),"Cab", IF(ISNUMBER(SEARCH("Tank",K35)),"Tank", IF(ISNUMBER(SEARCH("Grill",K35)),"Grill", IF(ISNUMBER(SEARCH("Control",K35)),"Control Box", "Other")))))) -> Control Box | M35: N/A,404080 | N35: Timberline/ Komatsu | O35: =IF(ISNUMBER(SEARCH("mail",M35)), "Email", "") | P35: =IF(AND(200000<M35,M35<299999), 2, "") | Q35: =IF(AND(800000<M35,M35<899999), 8, "") | R35: =IF(OR(O35="Email",P35=2, Q35=8), "don't count", "count") -> count | S35: 505078 | T35: 45688 | U35: 1 | V35: Missing bar on back panel in left compartment of enclosure. | W35: Weld | X35: Missing Component | Y35: Jatinder Singh | AB35: Welder should cross check all the Componets after welding. Inspectors must verify all welded components with TWYN.Debit $600 | AI35: =IF(ISBLANK(G35), "",IF(ISBLANK(AK35), TODAY()-G35, "Closed")) -> 346 | AJ35: =IF(ISBLANK(G35),"", IF(ISBLANK(AK35), "Pending", DATEDIF(G35,AK35,"d"))) -> Pending
A36: Cambridge | B36: Closed | C36: 25-027 | D36: Initial Rejection | E36: Customer | F36: Log Only | G36: 45691 | H36: =MONTH(Table1[[#This Row],[Received Date]]) -> 2 | I36: =YEAR(Table1[[#This Row],[Received Date]]) -> 2025 | J36: 58B0207300 | K36: Tank A, Def Covers | L36: =IF(ISNUMBER(SEARCH("Axle",K36)),"Axle", IF(ISNUMBER(SEARCH("Deck",K36)),"Deck", IF(ISNUMBER(SEARCH("Cab",K36)),"Cab", IF(ISNUMBER(SEARCH("Tank",K36)),"Tank", IF(ISNUMBER(SEARCH("Grill",K36)),"Grill", IF(ISNUMBER(SEARCH("Control",K36)),"Control Box", "Other")))))) -> Tank | M36: 516993 | N36: Komatsu | O36: =IF(ISNUMBER(SEARCH("mail",M36)), "Email", "") | P36: =IF(AND(200000<M36,M36<299999), 2, "") | Q36: =IF(AND(800000<M36,M36<899999), 8, "") | R36: =IF(OR(O36="Email",P36=2, Q36=8), "don't count", "count") -> count | S36: 505530 | T36: 45660 | U36: 1 | V36: During assembly at G&D def tank was found with damaged threads at 58B0200570 flange. Threads look and feel rough,filter will not install fully due to threads damaged at bottom of flange, unknown how damage occurred, not damaged at G&D. | W36: Weld | X36: Damaged | Y36: Jatinder Singh | Z36: Y | AA36: Threads must be protected like with aluminium foil or apply anti spatter spray before to start welding. QA alert has been also issued. | AB36: Threads must be protected like with aluminium foil or apply anti spatter spray before to start welding. | AC36: N/A | AD36: N/A | AI36: =IF(ISBLANK(G36), "",IF(ISBLANK(AK36), TODAY()-G36, "Closed")) -> 343 | AJ36: =IF(ISBLANK(G36),"", IF(ISBLANK(AK36), "Pending", DATEDIF(G36,AK36,"d"))) -> Pending
A37: Cambridge | B37: Closed | C37: 25-028 | D37: Initial Rejection | E37: Customer | F37: Log Only | G37: 45691 | H37: =MONTH(Table1[[#This Row],[Received Date]]) -> 2 | I37: =YEAR(Table1[[#This Row],[Received Date]]) -> 2025 | J37: 58E2200133 | K37: Axle Housing STR | L37: =IF(ISNUMBER(SEARCH("Axle",K37)),"Axle", IF(ISNUMBER(SEARCH("Deck",K37)),"Deck", IF(ISNUMBER(SEARCH("Cab",K37)),"Cab", IF(ISNUMBER(SEARCH("Tank",K37)),"Tank", IF(ISNUMBER(SEARCH("Grill",K37)),"Grill", IF(ISNUMBER(SEARCH("Control",K37)),"Control Box", "Other")))))) -> Axle | M37: 516999 | N37: Komatsu | O37: =IF(ISNUMBER(SEARCH("mail",M37)), "Email", "") | P37: =IF(AND(200000<M37,M37<299999), 2, "") | Q37: =IF(AND(800000<M37,M37<899999), 8, "") | R37: =IF(OR(O37="Email",P37=2, Q37=8), "don't count", "count") -> count | S37: 504671 | T37: 45692 | U37: 1 | V37: During assembly at G&D axle was found with weld in holes of EM8618 bracket str for blower press switch box and portable light. VH9969 studs welded to EM8619 off position & weld at top of TY1334 pipe. ORDER 1 PC EM8618. | W37: Weld | X37: Damage | Y37: Jatinder Singh | Z37: Y | AA37: Please remove all tack welds after welding and holes also should be protected from molten metal. Measurements should be verified before to start welding. QA alert has been also issued. | AB37: Please remove all tack welds after welding and holes also should be protected from molten metal. Measurements should be verified before to start welding. | AC37: N/A | AD37: N/A | AI37: =IF(ISBLANK(G37), "",IF(ISBLANK(AK37), TODAY()-G37, "Closed")) -> 343 | AJ37: =IF(ISBLANK(G37),"", IF(ISBLANK(AK37), "Pending", DATEDIF(G37,AK37,"d"))) -> Pending
A38: Cambridge | B38: Closed | C38: 25-028.1 | D38: Initial Rejection | E38: Customer | F38: Log Only | G38: 45693 | H38: =MONTH(Table1[[#This Row],[Received Date]]) -> 2 | I38: =YEAR(Table1[[#This Row],[Received Date]]) -> 2025 | J38: 58F2200054 | K38: Axle Housing STR | L38: =IF(ISNUMBER(SEARCH("Axle",K38)),"Axle", IF(ISNUMBER(SEARCH("Deck",K38)),"Deck", IF(ISNUMBER(SEARCH("Cab",K38)),"Cab", IF(ISNUMBER(SEARCH("Tank",K38)),"Tank", IF(ISNUMBER(SEARCH("Grill",K38)),"Grill", IF(ISNUMBER(SEARCH("Control",K38)),"Control Box", "Other")))))) -> Axle | M38: 898538 | N38: Komatsu | O38: =IF(ISNUMBER(SEARCH("mail",M38)), "Email", "") | P38: =IF(AND(200000<M38,M38<299999), 2, "") | Q38: =IF(AND(800000<M38,M38<899999), 8, "") -> 8 | R38: =IF(OR(O38="Email",P38=2, Q38=8), "don't count", "count") -> don't count | S38: 504468 | T38: 45664 | U38: 1 | V38: Welding defects like undercuts, Lack of fusion, pin holes, undersize, weld barries etc. | W38: Weld | X38: Weld Defects | Y38: Jatinder Singh | Z38: y | AA38: Start Auditing LPA | AB38: Always use appropriate welding parameters and techniques. Operator must inspect his own work and fix it on the spot. Even single pin hole, single undercut, weld barries, tiny lack of fusions are not acceptable any more. Debit $2400 only | AC38: N/A | AD38: N/A | AI38: =IF(ISBLANK(G38), "",IF(ISBLANK(AK38), TODAY()-G38, "Closed")) -> 341 | AJ38: =IF(ISBLANK(G38),"", IF(ISBLANK(AK38), "Pending", DATEDIF(G38,AK38,"d"))) -> Pending
A39: Cambridge | B39: Closed | C39: 25-029 | D39: Initial Rejection | E39: Customer | F39: Log Only | G39: 45692 | H39: =MONTH(Table1[[#This Row],[Received Date]]) -> 2 | I39: =YEAR(Table1[[#This Row],[Received Date]]) -> 2025 | J39: 58B0207300 | K39: Tank A Covers | L39: =IF(ISNUMBER(SEARCH("Axle",K39)),"Axle", IF(ISNUMBER(SEARCH("Deck",K39)),"Deck", IF(ISNUMBER(SEARCH("Cab",K39)),"Cab", IF(ISNUMBER(SEARCH("Tank",K39)),"Tank", IF(ISNUMBER(SEARCH("Grill",K39)),"Grill", IF(ISNUMBER(SEARCH("Control",K39)),"Control Box", "Other")))))) -> Tank | M39: 520007 | N39: Komatsu | R39: =IF(OR(O39="Email",P39=2, Q39=8), "don't count", "count") -> count | S39: 520007 | T39: 45894 | U39: 1 | V39: Def tank was found not fitting on fuel tank properly. Top of tank is flush, 1 side of lower mount is flush, 1 side of lower tank mount is approx 1/2 inch from fuel tank. When lower tank is mounted flush, opposite side of top of def tank is approx 1/2 inch from fuel tank. Def tank appears to be warped, tried on two fuel tanks with same result. Reference defect 899309 for same issue. | W39: Weld | X39: Flatness | Y39: Sibin Siva | Z39: Y | AA39: Highlighted the note on print to keep both faces of item 3 & Item 6 within 1mm. Added note to print make sure the face of Item 6 is flat. | AB39: Make sure the faces are flat and the distance between the faces of bottom and top brackets are within 1 mm | AC39: N/A | AD39: N/A
A40: Cambridge | B40: Closed | C40: 25-030 | D40: Initial Rejection | E40: Customer | F40: Log Only | G40: 45692 | H40: =MONTH(Table1[[#This Row],[Received Date]]) -> 2 | I40: =YEAR(Table1[[#This Row],[Received Date]]) -> 2025 | J40: 58E5404775 | K40: Platform LH Deck | L40: =IF(ISNUMBER(SEARCH("Axle",K40)),"Axle", IF(ISNUMBER(SEARCH("Deck",K40)),"Deck", IF(ISNUMBER(SEARCH("Cab",K40)),"Cab", IF(ISNUMBER(SEARCH("Tank",K40)),"Tank", IF(ISNUMBER(SEARCH("Grill",K40)),"Grill", IF(ISNUMBER(SEARCH("Control",K40)),"Control Box", "Other")))))) -> Deck | M40: 517011 | N40: Komatsu | O40: =IF(ISNUMBER(SEARCH("mail",M40)), "Email", "") | P40: =IF(AND(200000<M40,M40<299999), 2, "") | Q40: =IF(AND(800000<M40,M40<899999), 8, "") | R40: =IF(OR(O40="Email",P40=2, Q40=8), "don't count", "count") -> count | S40: 503420 | T40: 45661 | U40: 1 | V40: During assembly at G&D weld was found in hole of EK7293 tapped pad for handrail mounting, bolt will not tighten to handrail. ORDER 1 PC OF EK7293. | W40: Weld | X40: Damaged | Y40: Jatinder Singh | Z40: Y | AA40: Arc strikes and tack welds must be grind off . These kinds of defects are not acceptable. Quality alert has been issued. | AB40: Arc strikes and tack welds must be grind off . These kinds of defects are not acceptable. | AC40: N/A | AD40: N/A | AI40: =IF(ISBLANK(G40), "",IF(ISBLANK(AK40), TODAY()-G40, "Closed")) -> 342 | AJ40: =IF(ISBLANK(G40),"", IF(ISBLANK(AK40), "Pending", DATEDIF(G40,AK40,"d"))) -> Pending
A41: Cambridge | B41: Closed | C41: 25-031 | D41: Initial Rejection | E41: Customer | F41: Log Only | G41: 45694 | H41: =MONTH(Table1[[#This Row],[Received Date]]) -> 2 | I41: =YEAR(Table1[[#This Row],[Received Date]]) -> 2025 | J41: SP-073 | K41: Chassis (SP-165) | L41: =IF(ISNUMBER(SEARCH("Axle",K41)),"Axle", IF(ISNUMBER(SEARCH("Deck",K41)),"Deck", IF(ISNUMBER(SEARCH("Cab",K41)),"Cab", IF(ISNUMBER(SEARCH("Tank",K41)),"Tank", IF(ISNUMBER(SEARCH("Grill",K41)),"Grill", IF(ISNUMBER(SEARCH("Control",K41)),"Control Box", "Other")))))) -> Other | M41: N/A | N41: Midland | O41: =IF(ISNUMBER(SEARCH("mail",M41)), "Email", "") | P41: =IF(AND(200000<M41,M41<299999), 2, "") | Q41: =IF(AND(800000<M41,M41<899999), 8, "") | R41: =IF(OR(O41="Email",P41=2, Q41=8), "don't count", "count") -> count | S41: N/A | T41: 45632 | U41: 1 | V41: Rear body weldment (SP-165) is missing both item 13's (Lashing D'ring W/ Mount) and identification serial no. | W41: Weld | X41: Missing Component | Y41: Jatinder Singh | Z41: Y | AA41: ITP must be signed off | AB41: Part must be fully checked with TWYN/ Visually for missing components and stamp. Kit should be also verified for all components before to use. | AC41: N/A | AD41: N/A | AI41: =IF(ISBLANK(G41), "",IF(ISBLANK(AK41), TODAY()-G41, "Closed")) -> 340 | AJ41: =IF(ISBLANK(G41),"", IF(ISBLANK(AK41), "Pending", DATEDIF(G41,AK41,"d"))) -> Pending
A42: Cambridge | B42: Closed | C42: 25-033 | D42: Initial Rejection | E42: Customer | F42: Log Only | G42: 45695 | H42: =MONTH(Table1[[#This Row],[Received Date]]) -> 2 | I42: =YEAR(Table1[[#This Row],[Received Date]]) -> 2025 | J42: 58F2200054 | K42: Axle Housing STR | L42: =IF(ISNUMBER(SEARCH("Axle",K42)),"Axle", IF(ISNUMBER(SEARCH("Deck",K42)),"Deck", IF(ISNUMBER(SEARCH("Cab",K42)),"Cab", IF(ISNUMBER(SEARCH("Tank",K42)),"Tank", IF(ISNUMBER(SEARCH("Grill",K42)),"Grill", IF(ISNUMBER(SEARCH("Control",K42)),"Control Box", "Other")))))) -> Axle | M42: 517036 | N42: Komatsu | O42: =IF(ISNUMBER(SEARCH("mail",M42)), "Email", "") | P42: =IF(AND(200000<M42,M42<299999), 2, "") | Q42: =IF(AND(800000<M42,M42<899999), 8, "") | R42: =IF(OR(O42="Email",P42=2, Q42=8), "don't count", "count") -> count | S42: 504463 | T42: 45664 | U42: 1 | V42: Welding defects like undercuts, Lack of fusion, pin holes, undersize, weld barries etc. | W42: Weld | X42: Weld Defects | Y42: Jatinder Singh | Z42: y | AA42: Start Auditing LPA | AB42: Always use appropriate welding parameters and techniques. Operator must inspect his own work and fix it on the spot. Even single pin hole, single undercut, weld barries, tiny lack of fusions are not acceptable any more. Debit $4200 | AC42: N/A | AD42: N/A | AI42: =IF(ISBLANK(G42), "",IF(ISBLANK(AK42), TODAY()-G42, "Closed")) -> 339 | AJ42: =IF(ISBLANK(G42),"", IF(ISBLANK(AK42), "Pending", DATEDIF(G42,AK42,"d"))) -> Pending
A43: Cambridge | B43: Closed | C43: 25-034 | D43: Initial Rejection | E43: Customer | F43: Log Only | G43: 45695 | H43: =MONTH(Table1[[#This Row],[Received Date]]) -> 2 | I43: =YEAR(Table1[[#This Row],[Received Date]]) -> 2025 | J43: 58F2200054 | K43: Axle Housing STR | L43: =IF(ISNUMBER(SEARCH("Axle",K43)),"Axle", IF(ISNUMBER(SEARCH("Deck",K43)),"Deck", IF(ISNUMBER(SEARCH("Cab",K43)),"Cab", IF(ISNUMBER(SEARCH("Tank",K43)),"Tank", IF(ISNUMBER(SEARCH("Grill",K43)),"Grill", IF(ISNUMBER(SEARCH("Control",K43)),"Control Box", "Other")))))) -> Axle | M43: 517037 | N43: Komatsu | O43: =IF(ISNUMBER(SEARCH("mail",M43)), "Email", "") | P43: =IF(AND(200000<M43,M43<299999), 2, "") | Q43: =IF(AND(800000<M43,M43<899999), 8, "") | R43: =IF(OR(O43="Email",P43=2, Q43=8), "don't count", "count") -> count | S43: 504461 | T43: 45664 | U43: 1 | V43: Welding defects like undercuts, Lack of fusion, pin holes, undersize, weld barries etc. | W43: Weld | X43: Weld Defects | Y43: Jatinder Singh | Z43: y | AA43: Start Auditing LPA | AB43: Always use appropriate welding parameters and techniques. Operator must inspect his own work and fix it on the spot. Even single pin hole, single undercut, weld barries, tiny lack of fusions are not acceptable any more. Debit $2400 only | AC43: N/A | AD43: N/A | AI43: =IF(ISBLANK(G43), "",IF(ISBLANK(AK43), TODAY()-G43, "Closed")) -> 339 | AJ43: =IF(ISBLANK(G43),"", IF(ISBLANK(AK43), "Pending", DATEDIF(G43,AK43,"d"))) -> Pending
A44: Cambridge | B44: Closed | C44: 25-035 | D44: Initial Rejection | E44: Customer | F44: Log Only | G44: 45695 | H44: =MONTH(Table1[[#This Row],[Received Date]]) -> 2 | I44: =YEAR(Table1[[#This Row],[Received Date]]) -> 2025 | J44: 58F2200054 | K44: Axle Housing STR | L44: =IF(ISNUMBER(SEARCH("Axle",K44)),"Axle", IF(ISNUMBER(SEARCH("Deck",K44)),"Deck", IF(ISNUMBER(SEARCH("Cab",K44)),"Cab", IF(ISNUMBER(SEARCH("Tank",K44)),"Tank", IF(ISNUMBER(SEARCH("Grill",K44)),"Grill", IF(ISNUMBER(SEARCH("Control",K44)),"Control Box", "Other")))))) -> Axle | M44: 898547 | N44: Komatsu | O44: =IF(ISNUMBER(SEARCH("mail",M44)), "Email", "") | P44: =IF(AND(200000<M44,M44<299999), 2, "") | Q44: =IF(AND(800000<M44,M44<899999), 8, "") -> 8 | R44: count | S44: 504674 | T44: 45664 | U44: 1 | V44: Welding defects like undercuts, Lack of fusion, pin holes, undersize, weld barries etc. | W44: Weld | X44: Weld Defects | Y44: Jatinder Singh | Z44: y | AA44: Start Auditing LPA | AB44: Always use appropriate welding parameters and techniques. Operator must inspect his own work and fix it on the spot. Even single pin hole, single undercut, weld barries, tiny lack of fusions are not acceptable any more. | AC44: N/A | AD44: N/A | AI44: =IF(ISBLANK(G44), "",IF(ISBLANK(AK44), TODAY()-G44, "Closed")) -> 339 | AJ44: =IF(ISBLANK(G44),"", IF(ISBLANK(AK44), "Pending", DATEDIF(G44,AK44,"d"))) -> Pending
A45: Cambridge | B45: Closed | C45: 25-036 | D45: Initial Rejection | E45: Customer | F45: Log Only | G45: 45695 | H45: =MONTH(Table1[[#This Row],[Received Date]]) -> 2 | I45: =YEAR(Table1[[#This Row],[Received Date]]) -> 2025 | J45: 58F2200054 | K45: Axle Housing STR | L45: =IF(ISNUMBER(SEARCH("Axle",K45)),"Axle", IF(ISNUMBER(SEARCH("Deck",K45)),"Deck", IF(ISNUMBER(SEARCH("Cab",K45)),"Cab", IF(ISNUMBER(SEARCH("Tank",K45)),"Tank", IF(ISNUMBER(SEARCH("Grill",K45)),"Grill", IF(ISNUMBER(SEARCH("Control",K45)),"Control Box", "Other")))))) -> Axle | M45: 898548 | N45: Komatsu | O45: =IF(ISNUMBER(SEARCH("mail",M45)), "Email", "") | P45: =IF(AND(200000<M45,M45<299999), 2, "") | Q45: =IF(AND(800000<M45,M45<899999), 8, "") -> 8 | R45: count | S45: 504675 | T45: 45664 | U45: 1 | V45: Welding defects like undercuts, Lack of fusion, pin holes, undersize, weld barries etc. | W45: Weld | X45: Weld Defects | Y45: Jatinder Singh | Z45: y | AA45: Start Auditing LPA | AB45: Always use appropriate welding parameters and techniques. Operator must inspect his own work and fix it on the spot. Even single pin hole, single undercut, weld barries, tiny lack of fusions are not acceptable any more. | AC45: N/A | AD45: N/A | AI45: =IF(ISBLANK(G45), "",IF(ISBLANK(AK45), TODAY()-G45, "Closed")) -> 339 | AJ45: =IF(ISBLANK(G45),"", IF(ISBLANK(AK45), "Pending", DATEDIF(G45,AK45,"d"))) -> Pending
A46: Cambridge | B46: Closed | C46: 25-037 | D46: Initial Rejection | E46: Customer | F46: Log Only | G46: 45695 | H46: =MONTH(Table1[[#This Row],[Received Date]]) -> 2 | I46: =YEAR(Table1[[#This Row],[Received Date]]) -> 2025 | J46: 58F2200054 | K46: Axle Housing STR | L46: =IF(ISNUMBER(SEARCH("Axle",K46)),"Axle", IF(ISNUMBER(SEARCH("Deck",K46)),"Deck", IF(ISNUMBER(SEARCH("Cab",K46)),"Cab", IF(ISNUMBER(SEARCH("Tank",K46)),"Tank", IF(ISNUMBER(SEARCH("Grill",K46)),"Grill", IF(ISNUMBER(SEARCH("Control",K46)),"Control Box", "Other")))))) -> Axle | M46: 517046 | N46: Komatsu | O46: =IF(ISNUMBER(SEARCH("mail",M46)), "Email", "") | P46: =IF(AND(200000<M46,M46<299999), 2, "") | Q46: =IF(AND(800000<M46,M46<899999), 8, "") | R46: =IF(OR(O46="Email",P46=2, Q46=8), "don't count", "count") -> count | S46: 504467 | T46: 45664 | U46: 1 | V46: Welding defects like undercuts, Lack of fusion, pin holes, undersize, weld barries etc. | W46: Weld | X46: Weld Defects | Y46: Jatinder Singh | Z46: y | AA46: Start Auditing LPA | AB46: Always use appropriate welding parameters and techniques. Operator must inspect his own work and fix it on the spot. Even single pin hole, single undercut, weld barries, tiny lack of fusions are not acceptable any more. Debit 7500.00 | AC46: N/A | AD46: N/A | AI46: =IF(ISBLANK(G46), "",IF(ISBLANK(AK46), TODAY()-G46, "Closed")) -> 339 | AJ46: =IF(ISBLANK(G46),"", IF(ISBLANK(AK46), "Pending", DATEDIF(G46,AK46,"d"))) -> Pending
A47: Cambridge | B47: Closed | C47: 25-038 | D47: Initial Rejection | E47: Customer | F47: Log Only | G47: 45695 | H47: =MONTH(Table1[[#This Row],[Received Date]]) -> 2 | I47: =YEAR(Table1[[#This Row],[Received Date]]) -> 2025 | J47: 58F2200054 | K47: Axle Housing STR | L47: =IF(ISNUMBER(SEARCH("Axle",K47)),"Axle", IF(ISNUMBER(SEARCH("Deck",K47)),"Deck", IF(ISNUMBER(SEARCH("Cab",K47)),"Cab", IF(ISNUMBER(SEARCH("Tank",K47)),"Tank", IF(ISNUMBER(SEARCH("Grill",K47)),"Grill", IF(ISNUMBER(SEARCH("Control",K47)),"Control Box", "Other")))))) -> Axle | M47: 517045 | N47: Komatsu | O47: =IF(ISNUMBER(SEARCH("mail",M47)), "Email", "") | P47: =IF(AND(200000<M47,M47<299999), 2, "") | Q47: =IF(AND(800000<M47,M47<899999), 8, "") | R47: =IF(OR(O47="Email",P47=2, Q47=8), "don't count", "count") -> count | S47: 504462 | T47: 45664 | U47: 1 | V47: Welding defects like undercuts, Lack of fusion, pin holes, undersize, weld barries etc. | W47: Weld | X47: Weld Defects | Y47: Jatinder Singh | Z47: y | AA47: Start Auditing LPA | AB47: Always use appropriate welding parameters and techniques. Operator must inspect his own work and fix it on the spot. Even single pin hole, single undercut, weld barries, tiny lack of fusions are not acceptable any more. Debit $3000 | AC47: N/A | AD47: N/A | AI47: =IF(ISBLANK(G47), "",IF(ISBLANK(AK47), TODAY()-G47, "Closed")) -> 339 | AJ47: =IF(ISBLANK(G47),"", IF(ISBLANK(AK47), "Pending", DATEDIF(G47,AK47,"d"))) -> Pending
A48: Cambridge | B48: Closed | C48: 25-039 | D48: Initial Rejection | E48: Customer | F48: Log Only | G48: 45698 | H48: =MONTH(Table1[[#This Row],[Received Date]]) -> 2 | I48: =YEAR(Table1[[#This Row],[Received Date]]) -> 2025 | J48: 58F0400950 | K48: Tank a., Def cover | L48: =IF(ISNUMBER(SEARCH("Axle",K48)),"Axle", IF(ISNUMBER(SEARCH("Deck",K48)),"Deck", IF(ISNUMBER(SEARCH("Cab",K48)),"Cab", IF(ISNUMBER(SEARCH("Tank",K48)),"Tank", IF(ISNUMBER(SEARCH("Grill",K48)),"Grill", IF(ISNUMBER(SEARCH("Control",K48)),"Control Box", "Other")))))) -> Tank | M48: 517054 | N48: Komatsu | O48: =IF(ISNUMBER(SEARCH("mail",M48)), "Email", "") | P48: =IF(AND(200000<M48,M48<299999), 2, "") | Q48: =IF(AND(800000<M48,M48<899999), 8, "") | R48: count | S48: 505526 | T48: 45726 | U48: 1 | V48: During assembly at G&D def tank was found with 1 pc of 58B0202140 tapped seat welded off location. Print 58F0200851 lists dimension of 434.0 mm, actual measurment is approx 234 mm. Def tank will be installed on fuel tank for truck 940556. **ORDER 1 PC OF 58B0202140** | W48: Weld | X48: Off Location | Y48: Jatinder Singh | Z48: y | AA48: Part must be reverified after marking. Quality alert has been issued. | AB48: Measurements should be taken properly and verified after tack welding. | AC48: N/A | AD48: N/A | AJ48: =IF(ISBLANK(G48),"", IF(ISBLANK(AK48), "Pending", DATEDIF(G48,AK48,"d"))) -> Pending
A49: Cambridge | B49: Closed | C49: 25-040 | D49: Initial Rejection | E49: Customer | F49: Log Only | G49: 45699 | H49: =MONTH(Table1[[#This Row],[Received Date]]) -> 2 | I49: =YEAR(Table1[[#This Row],[Received Date]]) -> 2025 | J49: EL7409/58F2200054 | K49: Gasket/ Axle | L49: =IF(ISNUMBER(SEARCH("Axle",K49)),"Axle", IF(ISNUMBER(SEARCH("Deck",K49)),"Deck", IF(ISNUMBER(SEARCH("Cab",K49)),"Cab", IF(ISNUMBER(SEARCH("Tank",K49)),"Tank", IF(ISNUMBER(SEARCH("Grill",K49)),"Grill", IF(ISNUMBER(SEARCH("Control",K49)),"Control Box", "Other")))))) -> Axle | M49: 517043 | N49: Komatsu | O49: =IF(ISNUMBER(SEARCH("mail",M49)), "Email", "") | P49: =IF(AND(200000<M49,M49<299999), 2, "") | Q49: =IF(AND(800000<M49,M49<899999), 8, "") | R49: count | S49: N/A | T49: 45727 | U49: 1 | V49: Part was damaged during tear down of rear axle due to weld issues | W49: Weld | X49: Damage | Y49: Jatinder Singh | Z49: y | AA49: Must be inspect ed properly | AB49: Always supply good quality parts to customer. | AC49: N/A | AD49: N/A | AJ49: =IF(ISBLANK(G49),"", IF(ISBLANK(AK49), "Pending", DATEDIF(G49,AK49,"d"))) -> Pending
A50: Cambridge | B50: Closed | C50: 25-041 | D50: Initial Rejection | E50: Customer | F50: Log Only | G50: 45699 | H50: =MONTH(Table1[[#This Row],[Received Date]]) -> 2 | I50: =YEAR(Table1[[#This Row],[Received Date]]) -> 2025 | J50: WB1162/58F2200054 | K50: Pivot eye bolts/Axle | L50: =IF(ISNUMBER(SEARCH("Axle",K50)),"Axle", IF(ISNUMBER(SEARCH("Deck",K50)),"Deck", IF(ISNUMBER(SEARCH("Cab",K50)),"Cab", IF(ISNUMBER(SEARCH("Tank",K50)),"Tank", IF(ISNUMBER(SEARCH("Grill",K50)),"Grill", IF(ISNUMBER(SEARCH("Control",K50)),"Control Box", "Other")))))) -> Axle | M50: 517047 | N50: Komatsu | O50: =IF(ISNUMBER(SEARCH("mail",M50)), "Email", "") | P50: =IF(AND(200000<M50,M50<299999), 2, "") | Q50: =IF(AND(800000<M50,M50<899999), 8, "") | R50: count | S50: N/A | T50: 45727 | U50: 1 | V50: Pivot eye bolts need replaced after removing pivot eye from axle due to failed weld audit. Reference DN517045 | W50: Weld | X50: Damage | Y50: Jatinder Singh | Z50: y | AA50: Start Auditing LPA | AB50: Always supply good quality parts to customer. | AC50: N/A | AD50: N/A
A51: Cambridge | B51: Closed | C51: 25-042 | D51: Initial Rejection | E51: Customer | F51: Log Only | G51: 45699 | H51: =MONTH(Table1[[#This Row],[Received Date]]) -> 2 | I51: =YEAR(Table1[[#This Row],[Received Date]]) -> 2025 | J51: X830027784 | K51: Cab G. | L51: =IF(ISNUMBER(SEARCH("Axle",K51)),"Axle", IF(ISNUMBER(SEARCH("Deck",K51)),"Deck", IF(ISNUMBER(SEARCH("Cab",K51)),"Cab", IF(ISNUMBER(SEARCH("Tank",K51)),"Tank", IF(ISNUMBER(SEARCH("Grill",K51)),"Grill", IF(ISNUMBER(SEARCH("Control",K51)),"Control Box", "Other")))))) -> Cab | M51: 517068 | N51: Komatsu | O51: =IF(ISNUMBER(SEARCH("mail",M51)), "Email", "") | P51: =IF(AND(200000<M51,M51<299999), 2, "") | Q51: =IF(AND(800000<M51,M51<899999), 8, "") | R51: count | S51: 503353 | T51: 45699 | U51: 1 | V51: Cab recieved at PMO with 58E-54-23784 plate stamped inncorecttly Radio and WIFI stamps flipped on plate Contact supllier to order new plate | W51: Assembly | X51: Wrong Orientation/ Flipped | Y51: Jatinder Singh | Z51: y | AA51: Part should be marked off as per customer drawing and verifed from inspector. QA has been issued. | AB51: Part should be marked off as per customer drawing and verifed from inspector. | AC51: N/A | AD51: N/A
A52: Cambridge | B52: Closed | C52: 25-043 | D52: Initial Rejection | E52: Customer | F52: Log Only | G52: 45701 | H52: =MONTH(Table1[[#This Row],[Received Date]]) -> 2 | I52: =YEAR(Table1[[#This Row],[Received Date]]) -> 2025 | J52: 58B5422835 | K52: Control Box | L52: =IF(ISNUMBER(SEARCH("Axle",K52)),"Axle", IF(ISNUMBER(SEARCH("Deck",K52)),"Deck", IF(ISNUMBER(SEARCH("Cab",K52)),"Cab", IF(ISNUMBER(SEARCH("Tank",K52)),"Tank", IF(ISNUMBER(SEARCH("Grill",K52)),"Grill", IF(ISNUMBER(SEARCH("Control",K52)),"Control Box", "Other")))))) -> Control Box | M52: N/A,404127 | N52: Timberline | R52: Count | S52: 501224 | T52: 45670 | U52: 1 | V52: Missing bar on top inside panel of left compartment . Debit $6230.21 only | W52: Weld | X52: Missing Component | Y52: Jatinder Singh | Z52: y | AA52: ITP must be signed off | AB52: Presence of all components must be verify with drawing and TWYN inspection after final welding. Debit $600 | AC52: N/A | AD52: N/A
A53: Cambridge | B53: Closed | C53: 25-044 | D53: Initial Rejection | E53: Customer | F53: Log Only | G53: 45701 | H53: =MONTH(Table1[[#This Row],[Received Date]]) -> 2 | I53: =YEAR(Table1[[#This Row],[Received Date]]) -> 2025 | J53: 58F5411401 | K53: Platform RH Deck | L53: =IF(ISNUMBER(SEARCH("Axle",K53)),"Axle", IF(ISNUMBER(SEARCH("Deck",K53)),"Deck", IF(ISNUMBER(SEARCH("Cab",K53)),"Cab", IF(ISNUMBER(SEARCH("Tank",K53)),"Tank", IF(ISNUMBER(SEARCH("Grill",K53)),"Grill", IF(ISNUMBER(SEARCH("Control",K53)),"Control Box", "Other")))))) -> Deck | M53: 517088 | N53: Komatsu | R53: Count | S53: 504939 | T53: 45701 | U53: 1 | V53: When deck was lifted from supplier transport stand bent sheet metal was found from deck not loaded and banded to stand properly. Sheet metal was sitting on white protective plastic causing the damage. Rework at PMO | W53: Shipping | X53: Damaged | Y53: Jatinder Singh | Z53: y | AA53: More Training should be provided to employees | AB53: Part should be carefully load on the stand and fully secured with the straps before to ship. | AC53: N/A | AD53: N/A
A54: Cambridge | B54: Closed | C54: 25-045 | D54: Initial Rejection | E54: Customer | F54: Log Only | G54: 45701 | H54: =MONTH(Table1[[#This Row],[Received Date]]) -> 2 | I54: =YEAR(Table1[[#This Row],[Received Date]]) -> 2025 | J54: 58B2200812 | K54: Axle Housing STR | L54: =IF(ISNUMBER(SEARCH("Axle",K54)),"Axle", IF(ISNUMBER(SEARCH("Deck",K54)),"Deck", IF(ISNUMBER(SEARCH("Cab",K54)),"Cab", IF(ISNUMBER(SEARCH("Tank",K54)),"Tank", IF(ISNUMBER(SEARCH("Grill",K54)),"Grill", IF(ISNUMBER(SEARCH("Control",K54)),"Control Box", "Other")))))) -> Axle | M54: 517089 | N54: Komatsu | R54: Count | S54: 504145 | T54: 45701 | U54: 1 | V54: During assembly at G&D hatch door hinges were found welded to axle 180 degrees off location causing hatch door to not close and not centered in opening. Hinge p/n's EL0850 & EL0849, 1 pc each. No supplier code stamped on axle.REWORK AT PMO. ORDER 1 PC OF EL0850 & 1 PC OF EL0849 | W54: Weld | X54: Wrong Orientation/ Flipped | Y54: Jatinder Singh | Z54: y | AA54: More Training should be provided to employees | AB54: Part must be welded to print and fully inspected after final welding. | AC54: N/A | AD54: N/A
A55: Cambridge | B55: Closed | C55: 25-046 | D55: Initial Rejection | E55: Customer | F55: Log Only | G55: 45700 | H55: =MONTH(Table1[[#This Row],[Received Date]]) -> 2 | I55: =YEAR(Table1[[#This Row],[Received Date]]) -> 2025 | J55: X830027784 | K55: Cab G. | L55: =IF(ISNUMBER(SEARCH("Axle",K55)),"Axle", IF(ISNUMBER(SEARCH("Deck",K55)),"Deck", IF(ISNUMBER(SEARCH("Cab",K55)),"Cab", IF(ISNUMBER(SEARCH("Tank",K55)),"Tank", IF(ISNUMBER(SEARCH("Grill",K55)),"Grill", IF(ISNUMBER(SEARCH("Control",K55)),"Control Box", "Other")))))) -> Cab | M55: 517102 | N55: Komatsu | O55: =IF(ISNUMBER(SEARCH("mail",M55)), "Email", "") | P55: =IF(AND(200000<M55,M55<299999), 2, "") | Q55: =IF(AND(800000<M55,M55<899999), 8, "") | R55: count | S55: 503352 | T55: 45699 | U55: 1 | V55: Cab recieved at PMO with 58E-54-23784 plate stamped inncorecttly Radio and WIFI stamps flipped on plate Contact supllier to order new plate | W55: Assembly | X55: Wrong Orientation/ Flipped | Y55: Jatinder Singh | Z55: y | AA55: Part should be marked off as per customer drawing and verifed from inspector. QA has been issued. | AB55: Part should be marked off as per customer drawing and verifed from inspector. | AC55: N/A | AD55: N/A
A56: Cambridge | B56: Closed | C56: 25-047 | D56: Initial Rejection | E56: Customer | F56: Log Only | G56: 45700 | H56: =MONTH(Table1[[#This Row],[Received Date]]) -> 2 | I56: =YEAR(Table1[[#This Row],[Received Date]]) -> 2025 | J56: X830032211 | K56: Cab G. | L56: =IF(ISNUMBER(SEARCH("Axle",K56)),"Axle", IF(ISNUMBER(SEARCH("Deck",K56)),"Deck", IF(ISNUMBER(SEARCH("Cab",K56)),"Cab", IF(ISNUMBER(SEARCH("Tank",K56)),"Tank", IF(ISNUMBER(SEARCH("Grill",K56)),"Grill", IF(ISNUMBER(SEARCH("Control",K56)),"Control Box", "Other")))))) -> Cab | M56: 517098 | N56: Komatsu | R56: Count | S56: 499450 | T56: 45730 | U56: 1 | V56: The two nuts for the passenger seat teather eye bolts dont line up with the holes in the floor | W56: Weld | X56: Off Location | Y56: Jatinder Singh | Z56: y | AA56: Quality alert has been issued and operators already have mating bolts. | AB56: Nuts should be welded with the help of mating bolts. | AC56: N/A | AD56: N/A
A57: Cambridge | B57: Closed | C57: 25-048 | D57: Initial Rejection | E57: Customer | F57: Log Only | G57: 45700 | H57: =MONTH(Table1[[#This Row],[Received Date]]) -> 2 | I57: =YEAR(Table1[[#This Row],[Received Date]]) -> 2025 | J57: 58B5405045 | K57: Deck | L57: =IF(ISNUMBER(SEARCH("Axle",K57)),"Axle", IF(ISNUMBER(SEARCH("Deck",K57)),"Deck", IF(ISNUMBER(SEARCH("Cab",K57)),"Cab", IF(ISNUMBER(SEARCH("Tank",K57)),"Tank", IF(ISNUMBER(SEARCH("Grill",K57)),"Grill", IF(ISNUMBER(SEARCH("Control",K57)),"Control Box", "Other")))))) -> Deck | M57: 954283 | N57: Komatsu | R57: Count | S57: 503436 | T57: 45730 | U57: 1 | V57: Not welded to REV02. Top deck plate needs weldeed solid angle iron needs weld solid on top,overlap. | W57: Weld | X57: Weld Defects | Y57: Jatinder Singh | Z57: y | AA57: Start Auditing LPA | AB57: Welders must use the appropriate welding techniques and parameters in order to achieve high welding quality. Welds quality should also meet Komatsu QC 4.5 standard. | AC57: N/A | AD57: N/A
A58: Cambridge | B58: Closed | C58: 25-049 | D58: Initial Rejection | E58: Customer | F58: Log Only | G58: 45706 | H58: =MONTH(Table1[[#This Row],[Received Date]]) -> 2 | I58: =YEAR(Table1[[#This Row],[Received Date]]) -> 2025 | J58: 58F5452851 | K58: CTR Deck | L58: =IF(ISNUMBER(SEARCH("Axle",K58)),"Axle", IF(ISNUMBER(SEARCH("Deck",K58)),"Deck", IF(ISNUMBER(SEARCH("Cab",K58)),"Cab", IF(ISNUMBER(SEARCH("Tank",K58)),"Tank", IF(ISNUMBER(SEARCH("Grill",K58)),"Grill", IF(ISNUMBER(SEARCH("Control",K58)),"Control Box", "Other")))))) -> Deck | M58: 517124 | N58: Komatsu | R58: count | S58: 505451 | T58: 45706 | U58: 1 | V58: 58F5452851 PLATFORM, CENTER DECK arrived at PMO missing a standoff for the score board harness.Rework in department | W58: Weld | X58: Missing Component | Y58: Jatinder Singh | Z58: y | AA58: ITP must be signed off | AB58: Part must be fully checked with TWYN/ Visually for missing components and stamp. Kit should be also verified for all components before to use. Debit $75 | AC58: N/A | AD58: N/A
A59: Cambridge | B59: Closed | C59: 25-050 | D59: Initial Rejection | E59: Customer | F59: Log Only | G59: 45706 | H59: =MONTH(Table1[[#This Row],[Received Date]]) -> 2 | I59: =YEAR(Table1[[#This Row],[Received Date]]) -> 2025 | J59: 58F2200054 | K59: Axle Housing STR | L59: =IF(ISNUMBER(SEARCH("Axle",K59)),"Axle", IF(ISNUMBER(SEARCH("Deck",K59)),"Deck", IF(ISNUMBER(SEARCH("Cab",K59)),"Cab", IF(ISNUMBER(SEARCH("Tank",K59)),"Tank", IF(ISNUMBER(SEARCH("Grill",K59)),"Grill", IF(ISNUMBER(SEARCH("Control",K59)),"Control Box", "Other")))))) -> Axle | M59: 898590 | N59: Komatsu | O59: =IF(ISNUMBER(SEARCH("mail",M59)), "Email", "") | P59: =IF(AND(200000<M59,M59<299999), 2, "") | Q59: =IF(AND(800000<M59,M59<899999), 8, "") -> 8 | R59: count | S59: 504677 | T59: 45664 | U59: 1 | V59: Welding defects like undercuts, Lack of fusion, pin holes, undersize, weld barries etc. | W59: Weld | X59: Weld Defects | Y59: Jatinder Singh | Z59: y | AA59: Start Auditing LPA | AB59: Always use appropriate welding parameters and techniques. Operator must inspect his own work and fix it on the spot. Even single pin hole, single undercut, weld barries, tiny lack of fusions are not acceptable any more. Debit $150 | AC59: N/A | AD59: N/A | AI59: =IF(ISBLANK(G59), "",IF(ISBLANK(AK59), TODAY()-G59, "Closed")) -> 328 | AJ59: =IF(ISBLANK(G59),"", IF(ISBLANK(AK59), "Pending", DATEDIF(G59,AK59,"d"))) -> Pending
A60: Cambridge | B60: Closed | C60: 25-051 | D60: Initial Rejection | E60: Customer | F60: Log Only | G60: 45706 | H60: =MONTH(Table1[[#This Row],[Received Date]]) -> 2 | I60: =YEAR(Table1[[#This Row],[Received Date]]) -> 2025 | J60: 58B2200812 | K60: Axle Housing STR | L60: =IF(ISNUMBER(SEARCH("Axle",K60)),"Axle", IF(ISNUMBER(SEARCH("Deck",K60)),"Deck", IF(ISNUMBER(SEARCH("Cab",K60)),"Cab", IF(ISNUMBER(SEARCH("Tank",K60)),"Tank", IF(ISNUMBER(SEARCH("Grill",K60)),"Grill", IF(ISNUMBER(SEARCH("Control",K60)),"Control Box", "Other")))))) -> Axle | M60: 898570 | N60: Komatsu | O60: =IF(ISNUMBER(SEARCH("mail",M60)), "Email", "") | P60: =IF(AND(200000<M60,M60<299999), 2, "") | Q60: =IF(AND(800000<M60,M60<899999), 8, "") -> 8 | R60: count | S60: 504148 | T60: 45664 | U60: 1 | V60: Welding defects like undercuts, Lack of fusion, pin holes, undersize, weld barries etc. | W60: Weld | X60: Weld Defects | Y60: Jatinder Singh | Z60: y | AA60: Start Auditing LPA | AB60: Always use appropriate welding parameters and techniques. Operator must inspect his own work and fix it on the spot. Even single pin hole, single undercut, weld barries, tiny lack of fusions are not acceptable any more. | AC60: N/A | AD60: N/A | AI60: =IF(ISBLANK(G60), "",IF(ISBLANK(AK60), TODAY()-G60, "Closed")) -> 328 | AJ60: =IF(ISBLANK(G60),"", IF(ISBLANK(AK60), "Pending", DATEDIF(G60,AK60,"d"))) -> Pending
A61: Cambridge | B61: Closed | C61: 25-052 | D61: Initial Rejection | E61: Customer | F61: Log Only | G61: 45707 | H61: =MONTH(Table1[[#This Row],[Received Date]]) -> 2 | I61: =YEAR(Table1[[#This Row],[Received Date]]) -> 2025 | J61: 58F2200054 | K61: Axle Housing STR | L61: =IF(ISNUMBER(SEARCH("Axle",K61)),"Axle", IF(ISNUMBER(SEARCH("Deck",K61)),"Deck", IF(ISNUMBER(SEARCH("Cab",K61)),"Cab", IF(ISNUMBER(SEARCH("Tank",K61)),"Tank", IF(ISNUMBER(SEARCH("Grill",K61)),"Grill", IF(ISNUMBER(SEARCH("Control",K61)),"Control Box", "Other")))))) -> Axle | M61: 517138 | N61: Komatsu | R61: count | S61: 604461 | T61: 45667 | U61: 1 | V61: During assembly at G&D 1 pc of MM0073 broke free from inside of axle due to poor weld quality, lack of fusion.REWORK AT PMO | W61: Weld | X61: Weld Defects | Y61: Jatinder Singh | Z61: y | AA61: QA has been issued. | AB61: Cap Screws are must be welded all-around as per Komatsu Standard 4.01.001Debit $150 | AC61: N/A | AD61: N/A
A62: Cambridge | B62: Closed | C62: 25-053 | D62: Initial Rejection | E62: Customer | F62: Log Only | G62: 45707 | H62: =MONTH(Table1[[#This Row],[Received Date]]) -> 2 | I62: =YEAR(Table1[[#This Row],[Received Date]]) -> 2025 | J62: 58F2200054 | K62: Axle Housing STR | L62: =IF(ISNUMBER(SEARCH("Axle",K62)),"Axle", IF(ISNUMBER(SEARCH("Deck",K62)),"Deck", IF(ISNUMBER(SEARCH("Cab",K62)),"Cab", IF(ISNUMBER(SEARCH("Tank",K62)),"Tank", IF(ISNUMBER(SEARCH("Grill",K62)),"Grill", IF(ISNUMBER(SEARCH("Control",K62)),"Control Box", "Other")))))) -> Axle | M62: 898595 | N62: Komatsu | O62: =IF(ISNUMBER(SEARCH("mail",M62)), "Email", "") | P62: =IF(AND(200000<M62,M62<299999), 2, "") | Q62: =IF(AND(800000<M62,M62<899999), 8, "") -> 8 | R62: count | S62: 504453 | T62: 45664 | U62: 1 | V62: Welding defects like undercuts, Lack of fusion, pin holes, undersize, weld barries etc. Debit $47037.95 | W62: Weld | X62: Weld Defects | Y62: Jatinder Singh | Z62: y | AA62: Start Auditing LPA | AB62: Always use appropriate welding parameters and techniques. Operator must inspect his own work and fix it on the spot. Even single pin hole, single undercut, weld barries, tiny lack of fusions are not acceptable any more. | AC62: N/A | AD62: N/A | AI62: =IF(ISBLANK(G62), "",IF(ISBLANK(AK62), TODAY()-G62, "Closed")) -> 327 | AJ62: =IF(ISBLANK(G62),"", IF(ISBLANK(AK62), "Pending", DATEDIF(G62,AK62,"d"))) -> Pending
A63: Cambridge | B63: Closed | C63: 25-054 | D63: Initial Rejection | E63: Customer | F63: Log Only | G63: 45707 | H63: =MONTH(Table1[[#This Row],[Received Date]]) -> 2 | I63: =YEAR(Table1[[#This Row],[Received Date]]) -> 2025 | J63: 58D5480362 | K63: Grille STR | L63: =IF(ISNUMBER(SEARCH("Axle",K63)),"Axle", IF(ISNUMBER(SEARCH("Deck",K63)),"Deck", IF(ISNUMBER(SEARCH("Cab",K63)),"Cab", IF(ISNUMBER(SEARCH("Tank",K63)),"Tank", IF(ISNUMBER(SEARCH("Grill",K63)),"Grill", IF(ISNUMBER(SEARCH("Control",K63)),"Control Box", "Other")))))) -> Grill | M63: 517142 | N63: Komatsu | R63: Count | S63: 502768 | T63: 45667 | U63: 1 | V63: Grille structure recieved at PMO with lack of penetration on the tr4439 c/s to the ef8142 mount plate Causing cap screw to break free during assembly process.Rework in dept | W63: Weld | X63: Missing Weld | Y63: Jatinder Singh | Z63: y | AA63: Quality alert has been issued. | AB63: Cap Screws are must be welded appropriatly as per customer drawing. Debit $600 | AC63: N/A | AD63: N/A
A64: Cambridge | B64: Closed | C64: 25-055 | D64: Initial Rejection | E64: Customer | F64: Log Only | G64: 45708 | H64: =MONTH(Table1[[#This Row],[Received Date]]) -> 2 | I64: =YEAR(Table1[[#This Row],[Received Date]]) -> 2025 | J64: 58B5422835 | K64: Control Box | L64: =IF(ISNUMBER(SEARCH("Axle",K64)),"Axle", IF(ISNUMBER(SEARCH("Deck",K64)),"Deck", IF(ISNUMBER(SEARCH("Cab",K64)),"Cab", IF(ISNUMBER(SEARCH("Tank",K64)),"Tank", IF(ISNUMBER(SEARCH("Grill",K64)),"Grill", IF(ISNUMBER(SEARCH("Control",K64)),"Control Box", "Other")))))) -> Control Box | M64: 517116 | N64: Komatsu | R64: count | S64: 501222 | T64: 45708 | U64: 1 | V64: THE LEFT HAND SIDE MOUNTING PLATE 58F5440760 IS WELDED ON APPROX 100MM TOO LOW. THE 1321.1 MM MEASUREMENT IS NOT KEPT IT MEASURES APPROX 1200MM | W64: Weld | X64: Off Location | Y64: Jatinder Singh | Z64: y | AA64: Operator must check critical dimension twice. | AB64: Measurements should be taken properly and verified after tack welding. | AC64: N/A | AD64: N/A
A65: Cambridge | B65: Closed | C65: 25-057 | D65: Initial Rejection | E65: Customer | F65: Log Only | G65: 45708 | H65: =MONTH(Table1[[#This Row],[Received Date]]) -> 2 | I65: =YEAR(Table1[[#This Row],[Received Date]]) -> 2025 | J65: 58D2280002 | K65: Axle Housing STR | L65: =IF(ISNUMBER(SEARCH("Axle",K65)),"Axle", IF(ISNUMBER(SEARCH("Deck",K65)),"Deck", IF(ISNUMBER(SEARCH("Cab",K65)),"Cab", IF(ISNUMBER(SEARCH("Tank",K65)),"Tank", IF(ISNUMBER(SEARCH("Grill",K65)),"Grill", IF(ISNUMBER(SEARCH("Control",K65)),"Control Box", "Other")))))) -> Axle | M65: 517152 | N65: Komatsu | R65: count | S65: 501788 | T65: 45555 | U65: 1 | V65: During assembly at G&D elbow will not thread into port due to 1 pc of EG7814 tapped pad welded too close to port. Print lists dimension of 20 degrees from top/center of axle. Possible CR needed to list better dimension on print to avoid interference issue. Surface rust found at wheel motor machined surfaces due to poor RP application. | W65: Weld | X65: Off Location | Y65: Jatinder Singh | Z65: y | AA65: Fixture required | AB65: Measurements should be taken properly and verified after tack welding. Need fixture and Foo has to work on it. Debit $150 | AC65: Unknown | AD65: Unknown
A66: Cambridge | B66: Closed | C66: 25-058 | D66: Initial Rejection | E66: Customer | F66: Log Only | G66: 45708 | H66: =MONTH(Table1[[#This Row],[Received Date]]) -> 2 | I66: =YEAR(Table1[[#This Row],[Received Date]]) -> 2025 | J66: 58F2200900 | K66: Axle Housing STR | L66: =IF(ISNUMBER(SEARCH("Axle",K66)),"Axle", IF(ISNUMBER(SEARCH("Deck",K66)),"Deck", IF(ISNUMBER(SEARCH("Cab",K66)),"Cab", IF(ISNUMBER(SEARCH("Tank",K66)),"Tank", IF(ISNUMBER(SEARCH("Grill",K66)),"Grill", IF(ISNUMBER(SEARCH("Control",K66)),"Control Box", "Other")))))) -> Axle | M66: 517148 | N66: Komatsu | R66: count | S66: 505906 | T66: 45708 | U66: 1 | V66: During assembly at G&D 58F2200920 cover was found not fitting on axle, cover measures to print. Dimensions not found on print for axle.Debit $150 | W66: Weld | X66: Off Location | Y66: Jatinder Singh | Z66: y | AA66: Double checking of measurements by own after marking. | AB66: Measurements should be taken properly as per customer drawing and verify again before to start cutting. | AC66: N/A | AD66: N/A
A67: Cambridge | B67: Closed | C67: 25-059 | D67: Initial Rejection | E67: Customer | F67: Log Only | G67: 45708 | H67: =MONTH(Table1[[#This Row],[Received Date]]) -> 2 | I67: =YEAR(Table1[[#This Row],[Received Date]]) -> 2025 | J67: 58B2200812 | K67: Axle Housing STR | L67: =IF(ISNUMBER(SEARCH("Axle",K67)),"Axle", IF(ISNUMBER(SEARCH("Deck",K67)),"Deck", IF(ISNUMBER(SEARCH("Cab",K67)),"Cab", IF(ISNUMBER(SEARCH("Tank",K67)),"Tank", IF(ISNUMBER(SEARCH("Grill",K67)),"Grill", IF(ISNUMBER(SEARCH("Control",K67)),"Control Box", "Other")))))) -> Axle | M67: 517149 | N67: Komatsu | R67: count | S67: 504142 | T67: 45636 | V67: The EG1796 barr, tapped on the inside of the rear case is welded on too high the bracket that bolts too it hits the tube on the rear case. | W67: Weld | X67: Off Location | Y67: Jatinder Singh | Z67: y | AA67: Double checking of measurements by own after tack welding. | AB67: Measurements should be taken properly as per customer drawing and verify again before to start welding. Debit $150 | AC67: N/A | AD67: N/A
A68: Cambridge | B68: Closed | C68: 25-060 | D68: Initial Rejection | E68: Customer | F68: Log Only | G68: 45695 | H68: =MONTH(Table1[[#This Row],[Received Date]]) -> 2 | I68: =YEAR(Table1[[#This Row],[Received Date]]) -> 2025 | J68: 58F2200054 | K68: Axle Housing STR | L68: =IF(ISNUMBER(SEARCH("Axle",K68)),"Axle", IF(ISNUMBER(SEARCH("Deck",K68)),"Deck", IF(ISNUMBER(SEARCH("Cab",K68)),"Cab", IF(ISNUMBER(SEARCH("Tank",K68)),"Tank", IF(ISNUMBER(SEARCH("Grill",K68)),"Grill", IF(ISNUMBER(SEARCH("Control",K68)),"Control Box", "Other")))))) -> Axle | M68: 898542 | N68: Komatsu | O68: =IF(ISNUMBER(SEARCH("mail",M68)), "Email", "") | P68: =IF(AND(200000<M68,M68<299999), 2, "") | Q68: =IF(AND(800000<M68,M68<899999), 8, "") -> 8 | R68: count | S68: 504672 | T68: 45664 | U68: 1 | V68: Welding defects like undercuts, Lack of fusion, pin holes, undersize, weld barries etc. | W68: Weld | X68: Weld Defects | Y68: Jatinder Singh | Z68: y | AA68: Start Auditing LPA | AB68: Always use appropriate welding parameters and techniques. Operator must inspect his own work and fix it on the spot. Even single pin hole, single undercut, weld barries, tiny lack of fusions are not acceptable any more. Debit $2850 only | AC68: N/A | AD68: N/A | AI68: =IF(ISBLANK(G68), "",IF(ISBLANK(AK68), TODAY()-G68, "Closed")) -> 339 | AJ68: =IF(ISBLANK(G68),"", IF(ISBLANK(AK68), "Pending", DATEDIF(G68,AK68,"d"))) -> Pending
A69: Cambridge | B69: Closed | C69: 25-061 | D69: Initial Rejection | E69: Customer | F69: Log Only | G69: 45695 | H69: =MONTH(Table1[[#This Row],[Received Date]]) -> 2 | I69: =YEAR(Table1[[#This Row],[Received Date]]) -> 2025 | J69: 58F2200054 | K69: Axle Housing STR | L69: =IF(ISNUMBER(SEARCH("Axle",K69)),"Axle", IF(ISNUMBER(SEARCH("Deck",K69)),"Deck", IF(ISNUMBER(SEARCH("Cab",K69)),"Cab", IF(ISNUMBER(SEARCH("Tank",K69)),"Tank", IF(ISNUMBER(SEARCH("Grill",K69)),"Grill", IF(ISNUMBER(SEARCH("Control",K69)),"Control Box", "Other")))))) -> Axle | M69: 898565 | N69: Komatsu | O69: =IF(ISNUMBER(SEARCH("mail",M69)), "Email", "") | P69: =IF(AND(200000<M69,M69<299999), 2, "") | Q69: =IF(AND(800000<M69,M69<899999), 8, "") -> 8 | R69: count | S69: 504673 | T69: 45664 | U69: 1 | V69: Welding defects like undercuts, Lack of fusion, pin holes, undersize, weld barries etc. | W69: Weld | X69: Weld Defects | Y69: Jatinder Singh | Z69: y | AA69: Start Auditing LPA | AB69: Always use appropriate welding parameters and techniques. Operator must inspect his own work and fix it on the spot. Even single pin hole, single undercut, weld barries, tiny lack of fusions are not acceptable any more. Debit $2400 only | AC69: N/A | AD69: N/A | AI69: =IF(ISBLANK(G69), "",IF(ISBLANK(AK69), TODAY()-G69, "Closed")) -> 339 | AJ69: =IF(ISBLANK(G69),"", IF(ISBLANK(AK69), "Pending", DATEDIF(G69,AK69,"d"))) -> Pending
A70: Cambridge | B70: Closed | C70: 25-062 | D70: Initial Rejection | E70: Customer | F70: Log Only | G70: 45712 | H70: =MONTH(Table1[[#This Row],[Received Date]]) -> 2 | I70: =YEAR(Table1[[#This Row],[Received Date]]) -> 2025 | J70: 58D2280002 | K70: Axle Housing STR | L70: =IF(ISNUMBER(SEARCH("Axle",K70)),"Axle", IF(ISNUMBER(SEARCH("Deck",K70)),"Deck", IF(ISNUMBER(SEARCH("Cab",K70)),"Cab", IF(ISNUMBER(SEARCH("Tank",K70)),"Tank", IF(ISNUMBER(SEARCH("Grill",K70)),"Grill", IF(ISNUMBER(SEARCH("Control",K70)),"Control Box", "Other")))))) -> Axle | M70: 517169 | N70: Komatsu | O70: =IF(ISNUMBER(SEARCH("mail",M70)), "Email", "") | P70: =IF(AND(200000<M70,M70<299999), 2, "") | Q70: =IF(AND(800000<M70,M70<899999), 8, "") | R70: =IF(OR(O70="Email",P70=2, Q70=8), "don't count", "count") -> count | S70: 501789 | T70: 45594 | U70: 1 | V70: During assembly at G&D 58D0400540 coverwas found not fitting, on axle. Axle print shows 4 pc of MM0082 in line 400 mm apart, bolts not welded in line causing cover to not fit. | W70: Weld | X70: Off Location | Y70: Jatinder Singh | Z70: y | AA70: Fixture required | AB70: Measurements should be taken properly and verified after tack welding. Need fixture and Foo has to work on it. Debit $150 | AC70: Unknown | AD70: Unknown | AI70: =IF(ISBLANK(G70), "",IF(ISBLANK(AK70), TODAY()-G70, "Closed")) -> 322 | AJ70: =IF(ISBLANK(G70),"", IF(ISBLANK(AK70), "Pending", DATEDIF(G70,AK70,"d"))) -> Pending
A71: Cambridge | B71: Closed | C71: 25-063 | D71: Initial Rejection | E71: Customer | F71: Log Only | G71: 45713 | H71: =MONTH(Table1[[#This Row],[Received Date]]) -> 2 | I71: =YEAR(Table1[[#This Row],[Received Date]]) -> 2025 | J71: X830027784 | K71: CAB G | L71: =IF(ISNUMBER(SEARCH("Axle",K71)),"Axle", IF(ISNUMBER(SEARCH("Deck",K71)),"Deck", IF(ISNUMBER(SEARCH("Cab",K71)),"Cab", IF(ISNUMBER(SEARCH("Tank",K71)),"Tank", IF(ISNUMBER(SEARCH("Grill",K71)),"Grill", IF(ISNUMBER(SEARCH("Control",K71)),"Control Box", "Other")))))) -> Cab | M71: 517172 | N71: Komatsu | O71: =IF(ISNUMBER(SEARCH("mail",M71)), "Email", "") | P71: =IF(AND(200000<M71,M71<299999), 2, "") | Q71: =IF(AND(800000<M71,M71<899999), 8, "") | R71: =IF(OR(O71="Email",P71=2, Q71=8), "don't count", "count") -> count | S71: 498998 | T71: 45550 | U71: 1 | V71: Paint came off when installing the bulck head fittings for brake and steering hoses. rework asn needed | W71: Paint | X71: Poor Adhesion | Y71: Jatinder Singh | Z71: y | AA71: More Training should be provided to employees | AB71: Part cleaning and paint mixing should be done as per SOP.Debit $600 | AC71: N/A | AD71: N/A | AI71: =IF(ISBLANK(G71), "",IF(ISBLANK(AK71), TODAY()-G71, "Closed")) -> 321 | AJ71: =IF(ISBLANK(G71),"", IF(ISBLANK(AK71), "Pending", DATEDIF(G71,AK71,"d"))) -> Pending
A72: Cambridge | B72: Closed | C72: 25-064 | D72: Initial Rejection | E72: Customer | F72: Log Only | G72: 45714 | H72: =MONTH(Table1[[#This Row],[Received Date]]) -> 2 | I72: =YEAR(Table1[[#This Row],[Received Date]]) -> 2025 | J72: 58F5454401 | K72: CAB A., Brake Cabinet | L72: =IF(ISNUMBER(SEARCH("Axle",K72)),"Axle", IF(ISNUMBER(SEARCH("Deck",K72)),"Deck", IF(ISNUMBER(SEARCH("Cab",K72)),"Cab", IF(ISNUMBER(SEARCH("Tank",K72)),"Tank", IF(ISNUMBER(SEARCH("Grill",K72)),"Grill", IF(ISNUMBER(SEARCH("Control",K72)),"Control Box", "Other")))))) -> Cab | M72: 517179 | N72: Komatsu | O72: =IF(ISNUMBER(SEARCH("mail",M72)), "Email", "") | P72: =IF(AND(200000<M72,M72<299999), 2, "") | Q72: =IF(AND(800000<M72,M72<899999), 8, "") | R72: =IF(OR(O72="Email",P72=2, Q72=8), "don't count", "count") -> count | S72: 506337 | T72: 45714 | U72: 1 | V72: CAB Brake cabinet recieved at pmo with broken stud inside | W72: Weld | X72: Broken | Z72: y | AA72: More Training should be provided to employees | AB72: If we find the issue with the part during assembly or inprocess, we need to bring up to supervisor and QA immediately. Debit 300 | AC72: N/A | AD72: N/A | AI72: =IF(ISBLANK(G72), "",IF(ISBLANK(AK72), TODAY()-G72, "Closed")) -> 320 | AJ72: =IF(ISBLANK(G72),"", IF(ISBLANK(AK72), "Pending", DATEDIF(G72,AK72,"d"))) -> Pending
A73: Cambridge | B73: Closed | C73: 25-065 | D73: Initial Rejection | E73: Customer | F73: Log Only | G73: 45714 | H73: =MONTH(Table1[[#This Row],[Received Date]]) -> 2 | I73: =YEAR(Table1[[#This Row],[Received Date]]) -> 2025 | J73: 58F2200054 | K73: Axle Housing STR | L73: =IF(ISNUMBER(SEARCH("Axle",K73)),"Axle", IF(ISNUMBER(SEARCH("Deck",K73)),"Deck", IF(ISNUMBER(SEARCH("Cab",K73)),"Cab", IF(ISNUMBER(SEARCH("Tank",K73)),"Tank", IF(ISNUMBER(SEARCH("Grill",K73)),"Grill", IF(ISNUMBER(SEARCH("Control",K73)),"Control Box", "Other")))))) -> Axle | M73: 517183 | N73: Komatsu | O73: =IF(ISNUMBER(SEARCH("mail",M73)), "Email", "") | P73: =IF(AND(200000<M73,M73<299999), 2, "") | Q73: =IF(AND(800000<M73,M73<899999), 8, "") | R73: =IF(OR(O73="Email",P73=2, Q73=8), "don't count", "count") -> count | S73: 506876 | T73: 45714 | U73: 1 | V73: Welding defects like undercuts, Lack of fusion, pin holes, undersize, weld barries etc. Debit $150 | W73: Weld | X73: Weld Defects | Y73: Jatinder Singh | Z73: y | AA73: Start Auditing LPA | AB73: Always use appropriate welding parameters and techniques. Operator must inspect his own work and fix it on the spot. Even single pin hole, single undercut, weld barries, tiny lack of fusions are not acceptable any more. | AC73: N/A | AD73: N/A | AI73: =IF(ISBLANK(G73), "",IF(ISBLANK(AK73), TODAY()-G73, "Closed")) -> 320 | AJ73: =IF(ISBLANK(G73),"", IF(ISBLANK(AK73), "Pending", DATEDIF(G73,AK73,"d"))) -> Pending
A74: Cambridge | B74: Closed | C74: 25-066 | D74: Initial Rejection | E74: Customer | F74: Log Only | G74: 45714 | H74: =MONTH(Table1[[#This Row],[Received Date]]) -> 2 | I74: =YEAR(Table1[[#This Row],[Received Date]]) -> 2025 | J74: 58F2200054 | K74: Axle Housing STR | L74: =IF(ISNUMBER(SEARCH("Axle",K74)),"Axle", IF(ISNUMBER(SEARCH("Deck",K74)),"Deck", IF(ISNUMBER(SEARCH("Cab",K74)),"Cab", IF(ISNUMBER(SEARCH("Tank",K74)),"Tank", IF(ISNUMBER(SEARCH("Grill",K74)),"Grill", IF(ISNUMBER(SEARCH("Control",K74)),"Control Box", "Other")))))) -> Axle | M74: 517182 | N74: Komatsu | O74: =IF(ISNUMBER(SEARCH("mail",M74)), "Email", "") | P74: =IF(AND(200000<M74,M74<299999), 2, "") | Q74: =IF(AND(800000<M74,M74<899999), 8, "") | R74: =IF(OR(O74="Email",P74=2, Q74=8), "don't count", "count") -> count | S74: 504676 | T74: 45714 | U74: 1 | V74: Welding defects like undercuts, Lack of fusion, pin holes, undersize, weld barries etc. | W74: Weld | X74: Weld Defects | Y74: Jatinder Singh | Z74: y | AA74: Start auditing LPA | AB74: Always use appropriate welding parameters and techniques. Operator must inspect his own work and fix it on the spot. Even single pin hole, single undercut, weld barries, tiny lack of fusions are not acceptable any more. Debit 150 | AC74: N/A | AD74: N/A | AI74: =IF(ISBLANK(G74), "",IF(ISBLANK(AK74), TODAY()-G74, "Closed")) -> 320 | AJ74: =IF(ISBLANK(G74),"", IF(ISBLANK(AK74), "Pending", DATEDIF(G74,AK74,"d"))) -> Pending
A75: Cambridge | B75: Closed | C75: 25-067 | D75: Initial Rejection | E75: Customer | F75: Log Only | G75: 45714 | H75: =MONTH(Table1[[#This Row],[Received Date]]) -> 2 | I75: =YEAR(Table1[[#This Row],[Received Date]]) -> 2025 | J75: X830027784 | K75: CAB G. | L75: =IF(ISNUMBER(SEARCH("Axle",K75)),"Axle", IF(ISNUMBER(SEARCH("Deck",K75)),"Deck", IF(ISNUMBER(SEARCH("Cab",K75)),"Cab", IF(ISNUMBER(SEARCH("Tank",K75)),"Tank", IF(ISNUMBER(SEARCH("Grill",K75)),"Grill", IF(ISNUMBER(SEARCH("Control",K75)),"Control Box", "Other")))))) -> Cab | M75: 517181 | N75: Komatsu | O75: =IF(ISNUMBER(SEARCH("mail",M75)), "Email", "") | P75: =IF(AND(200000<M75,M75<299999), 2, "") | Q75: =IF(AND(800000<M75,M75<899999), 8, "") | R75: =IF(OR(O75="Email",P75=2, Q75=8), "don't count", "count") -> count | S75: 503183 | T75: 45714 | U75: 1 | V75: Cab recieved at PMO with damaged PC0639 connector at JWW break out on harness 58B-06-06160. Contact supplier to order PC0639 plug end. Rework in dept | W75: Assembly | X75: Damaged | Y75: Jatinder Singh | Z75: y | AA75: Assembly | AB75: Need to use more cautions while assembling electric components. | AC75: N/A | AD75: N/A | AI75: =IF(ISBLANK(G75), "",IF(ISBLANK(AK75), TODAY()-G75, "Closed")) -> 320 | AJ75: =IF(ISBLANK(G75),"", IF(ISBLANK(AK75), "Pending", DATEDIF(G75,AK75,"d"))) -> Pending
A76: Cambridge | B76: Closed | C76: 25-068 | D76: Initial Rejection | E76: Customer | F76: Log Only | G76: 45715 | H76: =MONTH(Table1[[#This Row],[Received Date]]) -> 2 | I76: =YEAR(Table1[[#This Row],[Received Date]]) -> 2025 | J76: X830027784 | K76: Cab G. | L76: =IF(ISNUMBER(SEARCH("Axle",K76)),"Axle", IF(ISNUMBER(SEARCH("Deck",K76)),"Deck", IF(ISNUMBER(SEARCH("Cab",K76)),"Cab", IF(ISNUMBER(SEARCH("Tank",K76)),"Tank", IF(ISNUMBER(SEARCH("Grill",K76)),"Grill", IF(ISNUMBER(SEARCH("Control",K76)),"Control Box", "Other")))))) -> Cab | M76: 517191 | N76: Komatsu | O76: =IF(ISNUMBER(SEARCH("mail",M76)), "Email", "") | P76: =IF(AND(200000<M76,M76<299999), 2, "") | Q76: =IF(AND(800000<M76,M76<899999), 8, "") | R76: count | S76: 503357 | T76: 45699 | U76: 1 | V76: Cab recieved at PMO with 58E-54-23784 plate stamped inncorecttly Radio and WIFI stamps flipped on plate Contact supllier to order new plate | W76: Assembly | X76: Wrong Orientation/ Flipped | Y76: Jatinder Singh | Z76: y | AA76: Need To re-verify before to assemble. | AB76: Part should be marked off as per customer drawing and verifed from inspector. QA 25-030 re-issued. | AC76: N/A | AD76: N/A
A77: Cambridge | B77: Closed | C77: 25-069 | D77: Initial Rejection | E77: Customer | F77: Log Only | G77: 45716 | H77: =MONTH(Table1[[#This Row],[Received Date]]) -> 2 | I77: =YEAR(Table1[[#This Row],[Received Date]]) -> 2025 | J77: 58F5452851 | K77: CTR Deck | L77: =IF(ISNUMBER(SEARCH("Axle",K77)),"Axle", IF(ISNUMBER(SEARCH("Deck",K77)),"Deck", IF(ISNUMBER(SEARCH("Cab",K77)),"Cab", IF(ISNUMBER(SEARCH("Tank",K77)),"Tank", IF(ISNUMBER(SEARCH("Grill",K77)),"Grill", IF(ISNUMBER(SEARCH("Control",K77)),"Control Box", "Other")))))) -> Deck | M77: 517198 | N77: Komatsu | O77: =IF(ISNUMBER(SEARCH("mail",M77)), "Email", "") | P77: =IF(AND(200000<M77,M77<299999), 2, "") | Q77: =IF(AND(800000<M77,M77<899999), 8, "") | R77: =IF(OR(O77="Email",P77=2, Q77=8), "don't count", "count") -> count | S77: 507220 | T77: 45716 | U77: 1 | V77: Platform Center deck recieved at PMO missing item #79, 58f5409600 Bracket assy Str. along with the mounting hardware for it | W77: Shipping | X77: Missing Component | Y77: Jatinder Singh | Z77: y | AA77: Part Should be verified with TWYN beofre to ship | AB77: Part should be verified with TWYN beofre to ship. | AC77: N/A | AD77: N/A | AI77: =IF(ISBLANK(G77), "",IF(ISBLANK(AK77), TODAY()-G77, "Closed")) -> 318 | AJ77: =IF(ISBLANK(G77),"", IF(ISBLANK(AK77), "Pending", DATEDIF(G77,AK77,"d"))) -> Pending
A78: Cambridge | B78: In Dispute | C78: 25-070 | D78: Pull stock / Purge | E78: Customer | F78: Log Only | G78: 45716 | H78: =MONTH(Table1[[#This Row],[Received Date]]) -> 2 | I78: =YEAR(Table1[[#This Row],[Received Date]]) -> 2025 | J78: 177-8803 | K78: Pedastal AS | L78: =IF(ISNUMBER(SEARCH("Axle",K78)),"Axle", IF(ISNUMBER(SEARCH("Deck",K78)),"Deck", IF(ISNUMBER(SEARCH("Cab",K78)),"Cab", IF(ISNUMBER(SEARCH("Tank",K78)),"Tank", IF(ISNUMBER(SEARCH("Grill",K78)),"Grill", IF(ISNUMBER(SEARCH("Control",K78)),"Control Box", "Other")))))) -> Other | M78: N/A | N78: Caterpillar | O78: =IF(ISNUMBER(SEARCH("mail",M78)), "Email", "") | P78: =IF(AND(200000<M78,M78<299999), 2, "") | Q78: =IF(AND(800000<M78,M78<899999), 8, "") | R78: don't count | S78: N/A | T78: 45716 | U78: 1 | V78: Stitch weld instead of solid weld. | W78: Weld | X78: Missing Weld | Y78: Jatinder Singh | Z78: y | AA78: Two step verifiaction | AB78: Part should be welded according to cutomer drawing. | AC78: N/A | AD78: N/A | AI78: =IF(ISBLANK(G78), "",IF(ISBLANK(AK78), TODAY()-G78, "Closed")) -> 318 | AJ78: =IF(ISBLANK(G78),"", IF(ISBLANK(AK78), "Pending", DATEDIF(G78,AK78,"d"))) -> Pending
A79: Cambridge | B79: Closed | C79: 25-071 | D79: Initial Rejection | E79: Customer | F79: Log Only | G79: 45719 | H79: =MONTH(Table1[[#This Row],[Received Date]]) -> 3 | I79: =YEAR(Table1[[#This Row],[Received Date]]) -> 2025 | J79: 58F2200054 | K79: Axle Housing STR | L79: =IF(ISNUMBER(SEARCH("Axle",K79)),"Axle", IF(ISNUMBER(SEARCH("Deck",K79)),"Deck", IF(ISNUMBER(SEARCH("Cab",K79)),"Cab", IF(ISNUMBER(SEARCH("Tank",K79)),"Tank", IF(ISNUMBER(SEARCH("Grill",K79)),"Grill", IF(ISNUMBER(SEARCH("Control",K79)),"Control Box", "Other")))))) -> Axle | M79: 517210 | N79: Komatsu | O79: =IF(ISNUMBER(SEARCH("mail",M79)), "Email", "") | P79: =IF(AND(200000<M79,M79<299999), 2, "") | Q79: =IF(AND(800000<M79,M79<899999), 8, "") | R79: =IF(OR(O79="Email",P79=2, Q79=8), "don't count", "count") -> count | S79: 506877 | T79: 45683 | U79: 1 | V79: Welding defects like undercuts, Lack of fusion, pin holes, undersize, weld barries etc. | W79: Weld | X79: Weld Defects | Y79: Jatinder Singh | Z79: y | AA79: Start auditing LPA | AB79: Always use appropriate welding parameters and techniques. Operator must inspect his own work and fix it on the spot. Even single pin hole, single undercut, weld barries, tiny lack of fusions are not acceptable any more. | AC79: N/A | AD79: N/A | AI79: =IF(ISBLANK(G79), "",IF(ISBLANK(AK79), TODAY()-G79, "Closed")) -> 315 | AJ79: =IF(ISBLANK(G79),"", IF(ISBLANK(AK79), "Pending", DATEDIF(G79,AK79,"d"))) -> Pending
A80: Cambridge | B80: Closed | C80: 25-072 | D80: Initial Rejection | E80: Customer | F80: Log Only | G80: 45719 | H80: =MONTH(Table1[[#This Row],[Received Date]]) -> 3 | I80: =YEAR(Table1[[#This Row],[Received Date]]) -> 2025 | J80: 58F2200054 | K80: Axle Housing STR | L80: =IF(ISNUMBER(SEARCH("Axle",K80)),"Axle", IF(ISNUMBER(SEARCH("Deck",K80)),"Deck", IF(ISNUMBER(SEARCH("Cab",K80)),"Cab", IF(ISNUMBER(SEARCH("Tank",K80)),"Tank", IF(ISNUMBER(SEARCH("Grill",K80)),"Grill", IF(ISNUMBER(SEARCH("Control",K80)),"Control Box", "Other")))))) -> Axle | M80: 517211 | N80: Komatsu | O80: =IF(ISNUMBER(SEARCH("mail",M80)), "Email", "") | P80: =IF(AND(200000<M80,M80<299999), 2, "") | Q80: =IF(AND(800000<M80,M80<899999), 8, "") | R80: =IF(OR(O80="Email",P80=2, Q80=8), "don't count", "count") -> count | S80: 507192 | T80: 45711 | U80: 1 | V80: Welding defects like undercuts, Lack of fusion, pin holes, undersize, weld barries etc. | W80: Weld | X80: Weld Defects | Y80: Jatinder Singh | Z80: y | AA80: Start auditing LPA | AB80: Always use appropriate welding parameters and techniques. Operator must inspect his own work and fix it on the spot. Even single pin hole, single undercut, weld barries, tiny lack of fusions are not acceptable any more. | AC80: N/A | AD80: N/A | AI80: =IF(ISBLANK(G80), "",IF(ISBLANK(AK80), TODAY()-G80, "Closed")) -> 315 | AJ80: =IF(ISBLANK(G80),"", IF(ISBLANK(AK80), "Pending", DATEDIF(G80,AK80,"d"))) -> Pending
A81: Cambridge | B81: Closed | C81: 25-073 | D81: Initial Rejection | E81: Customer | F81: Log Only | G81: 45720 | H81: =MONTH(Table1[[#This Row],[Received Date]]) -> 3 | I81: =YEAR(Table1[[#This Row],[Received Date]]) -> 2025 | J81: 58B5422835 | K81: Control Box | L81: =IF(ISNUMBER(SEARCH("Axle",K81)),"Axle", IF(ISNUMBER(SEARCH("Deck",K81)),"Deck", IF(ISNUMBER(SEARCH("Cab",K81)),"Cab", IF(ISNUMBER(SEARCH("Tank",K81)),"Tank", IF(ISNUMBER(SEARCH("Grill",K81)),"Grill", IF(ISNUMBER(SEARCH("Control",K81)),"Control Box", "Other")))))) -> Control Box | M81: N/A | N81: Timberline | O81: =IF(ISNUMBER(SEARCH("mail",M81)), "Email", "") | P81: =IF(AND(200000<M81,M81<299999), 2, "") | Q81: =IF(AND(800000<M81,M81<899999), 8, "") | R81: =IF(OR(O81="Email",P81=2, Q81=8), "don't count", "count") -> count | S81: 501223 | T81: 45683 | U81: 1 | V81: Missing bar on top inside panel of left compartment and missing bar on left side of back panel. | W81: Weld | X81: Missing Component | Y81: Jatinder Singh | Z81: y | AA81: Part should not be moved to next operation untill inspection checks are not done. | AB81: Parts presence must be verified with drawing after final welding. TWYN and ITP checks must be performed after welding. Qa 25-031 re-issued. | AC81: N/A | AD81: N/A | AI81: =IF(ISBLANK(G81), "",IF(ISBLANK(AK81), TODAY()-G81, "Closed")) -> 314 | AJ81: =IF(ISBLANK(G81),"", IF(ISBLANK(AK81), "Pending", DATEDIF(G81,AK81,"d"))) -> Pending
A82: Cambridge | B82: Closed | C82: 25-074 | D82: Initial Rejection | E82: Customer | F82: Log Only | G82: 45720 | H82: =MONTH(Table1[[#This Row],[Received Date]]) -> 3 | I82: =YEAR(Table1[[#This Row],[Received Date]]) -> 2025 | J82: 58F2200054 | K82: Axle Housing STR | L82: =IF(ISNUMBER(SEARCH("Axle",K82)),"Axle", IF(ISNUMBER(SEARCH("Deck",K82)),"Deck", IF(ISNUMBER(SEARCH("Cab",K82)),"Cab", IF(ISNUMBER(SEARCH("Tank",K82)),"Tank", IF(ISNUMBER(SEARCH("Grill",K82)),"Grill", IF(ISNUMBER(SEARCH("Control",K82)),"Control Box", "Other")))))) -> Axle | M82: 898651 | N82: Komatsu | O82: =IF(ISNUMBER(SEARCH("mail",M82)), "Email", "") | P82: =IF(AND(200000<M82,M82<299999), 2, "") | Q82: =IF(AND(800000<M82,M82<899999), 8, "") -> 8 | R82: count | S82: 507193 | T82: 45711 | U82: 1 | V82: Welding defects like undercuts, Grinding marking, pin holes, undersize, weld barries, Damage, Porosity etc. | W82: Weld | X82: Weld Defects | Y82: Jatinder Singh | Z82: y | AA82: Start auditing LPA | AB82: Always use appropriate welding parameters and techniques. Operator must inspect his own work and fix it on the spot. Even single pin hole, single undercut, weld barries, tiny lack of fusions are not acceptable any more. | AC82: N/A | AD82: N/A | AI82: =IF(ISBLANK(G82), "",IF(ISBLANK(AK82), TODAY()-G82, "Closed")) -> 314 | AJ82: =IF(ISBLANK(G82),"", IF(ISBLANK(AK82), "Pending", DATEDIF(G82,AK82,"d"))) -> Pending
A83: Cambridge | B83: Closed | C83: 25-075 | D83: Initial Rejection | E83: Customer | F83: Log Only | G83: 45720 | H83: =MONTH(Table1[[#This Row],[Received Date]]) -> 3 | I83: =YEAR(Table1[[#This Row],[Received Date]]) -> 2025 | J83: X830032211 | K83: Cab G. | L83: =IF(ISNUMBER(SEARCH("Axle",K83)),"Axle", IF(ISNUMBER(SEARCH("Deck",K83)),"Deck", IF(ISNUMBER(SEARCH("Cab",K83)),"Cab", IF(ISNUMBER(SEARCH("Tank",K83)),"Tank", IF(ISNUMBER(SEARCH("Grill",K83)),"Grill", IF(ISNUMBER(SEARCH("Control",K83)),"Control Box", "Other")))))) -> Cab | M83: 517220 | N83: Komatsu | O83: =IF(ISNUMBER(SEARCH("mail",M83)), "Email", "") | P83: =IF(AND(200000<M83,M83<299999), 2, "") | Q83: =IF(AND(800000<M83,M83<899999), 8, "") | R83: =IF(OR(O83="Email",P83=2, Q83=8), "don't count", "count") -> count | S83: 499452 | T83: 45536 | U83: 1 | V83: Cab recieved at PMO missing 58E-54-27090 Cab decal mnt plate | W83: Assembly | X83: Missing Component | Y83: Jatinder Singh | Z83: y | AA83: Check assembled parts with the list provided. | AB83: Part should be properly checked and check sheet only marked off after verification. | AC83: N/A | AD83: N/A | AI83: =IF(ISBLANK(G83), "",IF(ISBLANK(AK83), TODAY()-G83, "Closed")) -> 314 | AJ83: =IF(ISBLANK(G83),"", IF(ISBLANK(AK83), "Pending", DATEDIF(G83,AK83,"d"))) -> Pending
A84: Cambridge | B84: Closed | C84: 25-076 | D84: Initial Rejection | E84: Customer | F84: Log Only | G84: 45720 | H84: =MONTH(Table1[[#This Row],[Received Date]]) -> 3 | I84: =YEAR(Table1[[#This Row],[Received Date]]) -> 2025 | J84: 58F2200054 | K84: Axle Housing STR | L84: =IF(ISNUMBER(SEARCH("Axle",K84)),"Axle", IF(ISNUMBER(SEARCH("Deck",K84)),"Deck", IF(ISNUMBER(SEARCH("Cab",K84)),"Cab", IF(ISNUMBER(SEARCH("Tank",K84)),"Tank", IF(ISNUMBER(SEARCH("Grill",K84)),"Grill", IF(ISNUMBER(SEARCH("Control",K84)),"Control Box", "Other")))))) -> Axle | M84: 954304 | N84: Komatsu | O84: =IF(ISNUMBER(SEARCH("mail",M84)), "Email", "") | P84: =IF(AND(200000<M84,M84<299999), 2, "") | Q84: =IF(AND(800000<M84,M84<899999), 8, "") | R84: count | S84: 507201 | T84: 45711 | U84: 1 | V84: Welding defects like undercuts, Grinding marking, pin holes, undersize, weld barries, Damage, LOF, Porosity etc. | W84: Weld | X84: Weld Defects | Y84: Jatinder Singh | Z84: y | AA84: Start auditing LPA | AB84: Always use appropriate welding parameters and techniques. Operator must inspect his own work and fix it on the spot. Even single pin hole, single undercut, weld barries, tiny lack of fusions are not acceptable any more. | AC84: N/A | AD84: N/A | AI84: =IF(ISBLANK(G84), "",IF(ISBLANK(AK84), TODAY()-G84, "Closed")) -> 314 | AJ84: =IF(ISBLANK(G84),"", IF(ISBLANK(AK84), "Pending", DATEDIF(G84,AK84,"d"))) -> Pending
A85: Cambridge | B85: Closed | C85: 25-077 | D85: Initial Rejection | E85: Customer | F85: Log Only | G85: 45720 | H85: =MONTH(Table1[[#This Row],[Received Date]]) -> 3 | I85: =YEAR(Table1[[#This Row],[Received Date]]) -> 2025 | J85: 58F2200054 | K85: Axle, Housing STR | L85: =IF(ISNUMBER(SEARCH("Axle",K85)),"Axle", IF(ISNUMBER(SEARCH("Deck",K85)),"Deck", IF(ISNUMBER(SEARCH("Cab",K85)),"Cab", IF(ISNUMBER(SEARCH("Tank",K85)),"Tank", IF(ISNUMBER(SEARCH("Grill",K85)),"Grill", IF(ISNUMBER(SEARCH("Control",K85)),"Control Box", "Other")))))) -> Axle | M85: 517221 | N85: Komatsu | O85: count | P85: 504152 | Q85: 45620 | R85: Count | S85: 507192 | T85: 45711 | U85: 1 | V85: During assembly at G&D anti sway bar pin will not move through both TX8110 sleeves. Sleeves not in line. | W85: Machining | X85: Pin not moving through | Y85: Jatinder Singh | Z85: y | AA85: Machining report should be filled and signed off | AB85: Bores should be checked with Pin Gauge after machining and sleeve installation for alignment and correct diameter. QA 25-165 re-issued. | AC85: N/A | AD85: N/A | AE85: Pending
A86: Cambridge | B86: Closed | C86: 25-078 | D86: Initial Rejection | E86: Customer | F86: Log Only | G86: 45721 | H86: =MONTH(Table1[[#This Row],[Received Date]]) -> 3 | I86: =YEAR(Table1[[#This Row],[Received Date]]) -> 2025 | J86: 58F2200054 | K86: Axle Housing STR | L86: =IF(ISNUMBER(SEARCH("Axle",K86)),"Axle", IF(ISNUMBER(SEARCH("Deck",K86)),"Deck", IF(ISNUMBER(SEARCH("Cab",K86)),"Cab", IF(ISNUMBER(SEARCH("Tank",K86)),"Tank", IF(ISNUMBER(SEARCH("Grill",K86)),"Grill", IF(ISNUMBER(SEARCH("Control",K86)),"Control Box", "Other")))))) -> Axle | M86: 517226 | N86: Komatsu | O86: =IF(ISNUMBER(SEARCH("mail",M86)), "Email", "") | P86: =IF(AND(200000<M86,M86<299999), 2, "") | Q86: =IF(AND(800000<M86,M86<899999), 8, "") | R86: count | S86: 504453 | T86: 45680 | U86: 1 | V86: Welding defects like undercuts, Grinding marking, pin holes, undersize, weld barries, Damage, LOF, Porosity etc. | W86: Weld | X86: Weld Defects | Y86: Jatinder Singh | Z86: y | AA86: Start auditing LPA | AB86: Always use appropriate welding parameters and techniques. Operator must inspect his own work and fix it on the spot. Even single pin hole, single undercut, weld barries, tiny lack of fusions are not acceptable any more. | AC86: N/A | AD86: N/A | AI86: =IF(ISBLANK(G86), "",IF(ISBLANK(AK86), TODAY()-G86, "Closed")) -> 313 | AJ86: =IF(ISBLANK(G86),"", IF(ISBLANK(AK86), "Pending", DATEDIF(G86,AK86,"d"))) -> Pending
A87: Cambridge | B87: Closed | C87: 25-079 | D87: Initial Rejection | E87: Customer | F87: Log Only | G87: 45721 | H87: =MONTH(Table1[[#This Row],[Received Date]]) -> 3 | I87: =YEAR(Table1[[#This Row],[Received Date]]) -> 2025 | J87: 58F2200054 | K87: Axle Housing STR | L87: =IF(ISNUMBER(SEARCH("Axle",K87)),"Axle", IF(ISNUMBER(SEARCH("Deck",K87)),"Deck", IF(ISNUMBER(SEARCH("Cab",K87)),"Cab", IF(ISNUMBER(SEARCH("Tank",K87)),"Tank", IF(ISNUMBER(SEARCH("Grill",K87)),"Grill", IF(ISNUMBER(SEARCH("Control",K87)),"Control Box", "Other")))))) -> Axle | M87: 898653 | N87: Komatsu | O87: =IF(ISNUMBER(SEARCH("mail",M87)), "Email", "") | P87: =IF(AND(200000<M87,M87<299999), 2, "") | Q87: =IF(AND(800000<M87,M87<899999), 8, "") -> 8 | R87: count | S87: 507202 | T87: 45711 | U87: 1 | V87: Welding defects like undercuts, Grinding marking, pin holes, undersize, weld barries, Damage, LOF, Porosity etc. | W87: Weld | X87: Weld Defects | Y87: Jatinder Singh | Z87: y | AA87: Start auditing LPA | AB87: Always use appropriate welding parameters and techniques. Operator must inspect his own work and fix it on the spot. Even single pin hole, single undercut, weld barries, tiny lack of fusions are not acceptable any more. | AC87: N/A | AD87: N/A | AI87: =IF(ISBLANK(G87), "",IF(ISBLANK(AK87), TODAY()-G87, "Closed")) -> 313 | AJ87: =IF(ISBLANK(G87),"", IF(ISBLANK(AK87), "Pending", DATEDIF(G87,AK87,"d"))) -> Pending
A88: Cambridge | B88: Closed | C88: 25-080 | D88: Initial Rejection | E88: Customer | F88: Log Only | G88: 45721 | H88: =MONTH(Table1[[#This Row],[Received Date]]) -> 3 | I88: =YEAR(Table1[[#This Row],[Received Date]]) -> 2025 | J88: 58F2200054 | K88: Axle Housing STR | L88: =IF(ISNUMBER(SEARCH("Axle",K88)),"Axle", IF(ISNUMBER(SEARCH("Deck",K88)),"Deck", IF(ISNUMBER(SEARCH("Cab",K88)),"Cab", IF(ISNUMBER(SEARCH("Tank",K88)),"Tank", IF(ISNUMBER(SEARCH("Grill",K88)),"Grill", IF(ISNUMBER(SEARCH("Control",K88)),"Control Box", "Other")))))) -> Axle | M88: 898652 | N88: Komatsu | O88: =IF(ISNUMBER(SEARCH("mail",M88)), "Email", "") | P88: =IF(AND(200000<M88,M88<299999), 2, "") | Q88: =IF(AND(800000<M88,M88<899999), 8, "") -> 8 | R88: count | S88: 507194 | T88: 45711 | U88: 1 | V88: Welding defects like undercuts, Grinding marking, pin holes, undersize, weld barries, Damage, LOF, Porosity etc. | W88: Weld | X88: Weld Defects | Y88: Jatinder Singh | Z88: y | AA88: Start auditing LPA | AB88: Always use appropriate welding parameters and techniques. Operator must inspect his own work and fix it on the spot. Even single pin hole, single undercut, weld barries, tiny lack of fusions are not acceptable any more. | AC88: N/A | AD88: N/A | AI88: =IF(ISBLANK(G88), "",IF(ISBLANK(AK88), TODAY()-G88, "Closed")) -> 313 | AJ88: =IF(ISBLANK(G88),"", IF(ISBLANK(AK88), "Pending", DATEDIF(G88,AK88,"d"))) -> Pending
A89: Cambridge | B89: Closed | C89: 25-081 | D89: Initial Rejection | E89: Customer | F89: Log Only | G89: 45721 | H89: =MONTH(Table1[[#This Row],[Received Date]]) -> 3 | I89: =YEAR(Table1[[#This Row],[Received Date]]) -> 2025 | J89: 58F2200054 | K89: Axle Housing STR | L89: =IF(ISNUMBER(SEARCH("Axle",K89)),"Axle", IF(ISNUMBER(SEARCH("Deck",K89)),"Deck", IF(ISNUMBER(SEARCH("Cab",K89)),"Cab", IF(ISNUMBER(SEARCH("Tank",K89)),"Tank", IF(ISNUMBER(SEARCH("Grill",K89)),"Grill", IF(ISNUMBER(SEARCH("Control",K89)),"Control Box", "Other")))))) -> Axle | M89: 517233 | N89: Komatsu | O89: =IF(ISNUMBER(SEARCH("mail",M89)), "Email", "") | P89: =IF(AND(200000<M89,M89<299999), 2, "") | Q89: =IF(AND(800000<M89,M89<899999), 8, "") | R89: count | S89: 504674 | T89: 45680 | U89: 1 | V89: Welding defects like undercuts, Grinding marking, pin holes, undersize, weld barries, Damage, LOF, Porosity etc. | W89: Weld | X89: Weld Defects | Y89: Jatinder Singh | Z89: y | AA89: Start auditing LPA | AB89: Always use appropriate welding parameters and techniques. Operator must inspect his own work and fix it on the spot. Even single pin hole, single undercut, weld barries, tiny lack of fusions are not acceptable any more. | AC89: N/A | AD89: N/A | AI89: =IF(ISBLANK(G89), "",IF(ISBLANK(AK89), TODAY()-G89, "Closed")) -> 313 | AJ89: =IF(ISBLANK(G89),"", IF(ISBLANK(AK89), "Pending", DATEDIF(G89,AK89,"d"))) -> Pending
A90: Cambridge | B90: Closed | C90: 25-082 | D90: Initial Rejection | E90: Customer | F90: Log Only | G90: 45720 | H90: =MONTH(Table1[[#This Row],[Received Date]]) -> 3 | I90: =YEAR(Table1[[#This Row],[Received Date]]) -> 2025 | J90: SP-10 /SP-8 | K90: Chassis | L90: =IF(ISNUMBER(SEARCH("Axle",K90)),"Axle", IF(ISNUMBER(SEARCH("Deck",K90)),"Deck", IF(ISNUMBER(SEARCH("Cab",K90)),"Cab", IF(ISNUMBER(SEARCH("Tank",K90)),"Tank", IF(ISNUMBER(SEARCH("Grill",K90)),"Grill", IF(ISNUMBER(SEARCH("Control",K90)),"Control Box", "Other")))))) -> Other | M90: N/A | N90: Midland | O90: =IF(ISNUMBER(SEARCH("mail",M90)), "Email", "") | P90: =IF(AND(200000<M90,M90<299999), 2, "") | Q90: =IF(AND(800000<M90,M90<899999), 8, "") | R90: =IF(OR(O90="Email",P90=2, Q90=8), "don't count", "count") -> count | S90: N/A | T90: 45711 | U90: 1 | V90: Broken weld at small hinge door, bent stair rugs, blast media is not fully removed before paint, Dimesional inaccuracy | W90: Weld, paint | X90: Weld Defects | Y90: Jatinder Singh | Z90: y | AA90: Part must be check visually, TWYN and ITP as per company SOP. | AB90: Part must be check visually, TWYN and ITP as per company SOP. | AC90: N/A | AD90: N/A | AI90: =IF(ISBLANK(G90), "",IF(ISBLANK(AK90), TODAY()-G90, "Closed")) -> 314 | AJ90: =IF(ISBLANK(G90),"", IF(ISBLANK(AK90), "Pending", DATEDIF(G90,AK90,"d"))) -> Pending
A91: Cambridge | B91: Closed | C91: 25-083 | D91: Initial Rejection | E91: Customer | F91: Log Only | G91: 45726 | H91: =MONTH(Table1[[#This Row],[Received Date]]) -> 3 | I91: =YEAR(Table1[[#This Row],[Received Date]]) -> 2025 | J91: 58D2280002 | K91: Axle Housing STR | L91: =IF(ISNUMBER(SEARCH("Axle",K91)),"Axle", IF(ISNUMBER(SEARCH("Deck",K91)),"Deck", IF(ISNUMBER(SEARCH("Cab",K91)),"Cab", IF(ISNUMBER(SEARCH("Tank",K91)),"Tank", IF(ISNUMBER(SEARCH("Grill",K91)),"Grill", IF(ISNUMBER(SEARCH("Control",K91)),"Control Box", "Other")))))) -> Axle | M91: 517260, 517261 | N91: Komatsu | O91: =IF(ISNUMBER(SEARCH("mail",M91)), "Email", "") | P91: =IF(AND(200000<M91,M91<299999), 2, "") | Q91: =IF(AND(800000<M91,M91<899999), 8, "") | R91: =IF(OR(O91="Email",P91=2, Q91=8), "don't count", "count") -> count | S91: 504668 | T91: 45739 | U91: 1 | V91: During assembly at G&D anti- sway bar pin was found not moving through both bores in XB3497. Bores appear to be not in line. Unknown if supplier test fits pin and During assembly at G&D 1 pc of MM0648 weld stud was found welded to wrong side of XB6732 light bracket for harness routing | W91: Machining | X91: Pin not moving through | Y91: Jatinder Singh | Z91: y | AA91: ITP must be signed off | AB91: Part should be welded and machined according to cutomer drawing . Pin check after machining and TWYN inspection must be performed carefully. | AC91: N/A | AD91: N/A | AI91: =IF(ISBLANK(G91), "",IF(ISBLANK(AK91), TODAY()-G91, "Closed")) -> 308 | AJ91: =IF(ISBLANK(G91),"", IF(ISBLANK(AK91), "Pending", DATEDIF(G91,AK91,"d"))) -> Pending
A92: Cambridge | B92: Closed | C92: 25-084 | D92: Initial Rejection | E92: Customer | F92: Log Only | G92: 45727 | H92: =MONTH(Table1[[#This Row],[Received Date]]) -> 3 | I92: =YEAR(Table1[[#This Row],[Received Date]]) -> 2025 | J92: 58E5426002 | K92: CAB A., Brake Cabinet | L92: =IF(ISNUMBER(SEARCH("Axle",K92)),"Axle", IF(ISNUMBER(SEARCH("Deck",K92)),"Deck", IF(ISNUMBER(SEARCH("Cab",K92)),"Cab", IF(ISNUMBER(SEARCH("Tank",K92)),"Tank", IF(ISNUMBER(SEARCH("Grill",K92)),"Grill", IF(ISNUMBER(SEARCH("Control",K92)),"Control Box", "Other")))))) -> Cab | M92: 517263 | N92: Komatsu | O92: =IF(ISNUMBER(SEARCH("mail",M92)), "Email", "") | P92: =IF(AND(200000<M92,M92<299999), 2, "") | Q92: =IF(AND(800000<M92,M92<899999), 8, "") | R92: =IF(OR(O92="Email",P92=2, Q92=8), "don't count", "count") -> count | S92: 50615 | T92: 45689 | U92: 1 | V92: Brake cabinet recieved at PMO with 3 out of 4 bolts loose on the left hand top door handle. | W92: Assembly | X92: Missing Operation | Y92: Jatinder Singh | Z92: Y | AA92: Assembler must double check own work. | AB92: Assembler must double check his own work . | AC92: N/A | AD92: N/A | AI92: =IF(ISBLANK(G92), "",IF(ISBLANK(AK92), TODAY()-G92, "Closed")) -> 307 | AJ92: =IF(ISBLANK(G92),"", IF(ISBLANK(AK92), "Pending", DATEDIF(G92,AK92,"d"))) -> Pending
A93: Cambridge | B93: Closed | C93: 25-085 | D93: Initial Rejection | E93: Customer | F93: Log Only | G93: 45727 | H93: =MONTH(Table1[[#This Row],[Received Date]]) -> 3 | I93: =YEAR(Table1[[#This Row],[Received Date]]) -> 2025 | J93: 58F2200054 | K93: Axle Housing STR | L93: =IF(ISNUMBER(SEARCH("Axle",K93)),"Axle", IF(ISNUMBER(SEARCH("Deck",K93)),"Deck", IF(ISNUMBER(SEARCH("Cab",K93)),"Cab", IF(ISNUMBER(SEARCH("Tank",K93)),"Tank", IF(ISNUMBER(SEARCH("Grill",K93)),"Grill", IF(ISNUMBER(SEARCH("Control",K93)),"Control Box", "Other")))))) -> Axle | M93: 517270 | N93: Komatsu | O93: =IF(ISNUMBER(SEARCH("mail",M93)), "Email", "") | P93: =IF(AND(200000<M93,M93<299999), 2, "") | Q93: =IF(AND(800000<M93,M93<899999), 8, "") | R93: count | S93: 507203 | T93: 45695 | U93: 1 | V93: Welding defects like undercuts, Lack of fusion, pin holes, undersize, weld barries etc. | W93: Weld | X93: Weld Defects | Y93: Jatinder Singh | Z93: y | AA93: Start Auditing LPA | AB93: Always use appropriate welding parameters and techniques. Operator must inspect his own work and fix it on the spot. Even single pin hole, single undercut, weld barries, tiny lack of fusions are not acceptable any more. | AC93: N/A | AD93: N/A | AI93: =IF(ISBLANK(G93), "",IF(ISBLANK(AK93), TODAY()-G93, "Closed")) -> 307 | AJ93: =IF(ISBLANK(G93),"", IF(ISBLANK(AK93), "Pending", DATEDIF(G93,AK93,"d"))) -> Pending
A94: Cambridge | B94: Closed | C94: 25-086 | D94: Initial Rejection | E94: Customer | F94: Log Only | G94: 45728 | H94: =MONTH(Table1[[#This Row],[Received Date]]) -> 3 | I94: =YEAR(Table1[[#This Row],[Received Date]]) -> 2025 | J94: 58F2200054 | K94: Axle Housing STR | L94: =IF(ISNUMBER(SEARCH("Axle",K94)),"Axle", IF(ISNUMBER(SEARCH("Deck",K94)),"Deck", IF(ISNUMBER(SEARCH("Cab",K94)),"Cab", IF(ISNUMBER(SEARCH("Tank",K94)),"Tank", IF(ISNUMBER(SEARCH("Grill",K94)),"Grill", IF(ISNUMBER(SEARCH("Control",K94)),"Control Box", "Other")))))) -> Axle | M94: 517271 | N94: Komatsu | O94: =IF(ISNUMBER(SEARCH("mail",M94)), "Email", "") | P94: =IF(AND(200000<M94,M94<299999), 2, "") | Q94: =IF(AND(800000<M94,M94<899999), 8, "") | R94: count | S94: 507204 | T94: 45695 | U94: 1 | V94: Welding defects like undercuts, Lack of fusion, pin holes, undersize, weld barries etc. | W94: Weld | X94: Weld Defects | Y94: Jatinder Singh | Z94: y | AA94: Start Auditing LPA | AB94: Always use appropriate welding parameters and techniques. Operator must inspect his own work and fix it on the spot. Even single pin hole, single undercut, weld barries, tiny lack of fusions are not acceptable any more. | AC94: N/A | AD94: N/A | AI94: =IF(ISBLANK(G94), "",IF(ISBLANK(AK94), TODAY()-G94, "Closed")) -> 306 | AJ94: =IF(ISBLANK(G94),"", IF(ISBLANK(AK94), "Pending", DATEDIF(G94,AK94,"d"))) -> Pending
A95: Cambridge | B95: Closed | C95: 25-087 | D95: Initial Rejection | E95: Customer | F95: Log Only | G95: 45728 | H95: =MONTH(Table1[[#This Row],[Received Date]]) -> 3 | I95: =YEAR(Table1[[#This Row],[Received Date]]) -> 2025 | J95: 58E8050642, 58E8050632 | K95: Panto RH, Panto LH | L95: =IF(ISNUMBER(SEARCH("Axle",K95)),"Axle", IF(ISNUMBER(SEARCH("Deck",K95)),"Deck", IF(ISNUMBER(SEARCH("Cab",K95)),"Cab", IF(ISNUMBER(SEARCH("Tank",K95)),"Tank", IF(ISNUMBER(SEARCH("Grill",K95)),"Grill", IF(ISNUMBER(SEARCH("Control",K95)),"Control Box", "Other")))))) -> Other | M95: N/A | N95: Komatsu | O95: =IF(ISNUMBER(SEARCH("mail",M95)), "Email", "") | P95: =IF(AND(200000<M95,M95<299999), 2, "") | Q95: =IF(AND(800000<M95,M95<899999), 8, "") | R95: =IF(OR(O95="Email",P95=2, Q95=8), "don't count", "count") -> count | S95: N/A | T95: 45723 | U95: 2 | V95: Welding defect like underfill, undercuts, LOF and Overlaps | W95: Weld | X95: Weld Defects | Y95: Jatinder Singh | Z95: y | AA95: ITP must be signed off and welds should be checked one by one manner. | AB95: Always use appropriate welding parameters and techniques. Operator must inspect his own work and fix it on the spot. Even single pin hole, single undercut, weld barries, tiny lack of fusions are not acceptable any more. | AC95: N/A | AD95: N/A | AI95: =IF(ISBLANK(G95), "",IF(ISBLANK(AK95), TODAY()-G95, "Closed")) -> 306 | AJ95: =IF(ISBLANK(G95),"", IF(ISBLANK(AK95), "Pending", DATEDIF(G95,AK95,"d"))) -> Pending
A96: Cambridge | B96: Closed | C96: 25-088 | D96: Initial Rejection | E96: Customer | F96: Log Only | G96: 45729 | H96: =MONTH(Table1[[#This Row],[Received Date]]) -> 3 | I96: =YEAR(Table1[[#This Row],[Received Date]]) -> 2025 | J96: 58B2200812 | K96: Axle Housing STR | L96: =IF(ISNUMBER(SEARCH("Axle",K96)),"Axle", IF(ISNUMBER(SEARCH("Deck",K96)),"Deck", IF(ISNUMBER(SEARCH("Cab",K96)),"Cab", IF(ISNUMBER(SEARCH("Tank",K96)),"Tank", IF(ISNUMBER(SEARCH("Grill",K96)),"Grill", IF(ISNUMBER(SEARCH("Control",K96)),"Control Box", "Other")))))) -> Axle | M96: 517278 | N96: Komatsu | O96: =IF(ISNUMBER(SEARCH("mail",M96)), "Email", "") | P96: =IF(AND(200000<M96,M96<299999), 2, "") | Q96: =IF(AND(800000<M96,M96<899999), 8, "") | R96: =IF(OR(O96="Email",P96=2, Q96=8), "don't count", "count") -> count | S96: 504660 | T96: 45695 | U96: 1 | V96: During assembly at G&D 1 pc of DC0859 coupling was found out of round, harness connector will not thread into coupling. Axle will need out of round coupling removed, new welded to axle prior to RTS. | W96: Weld | X96: Damage | Y96: Jatinder Singh | Z96: y | AA96: Welder must use provided appropriate welding parameters to avoid excessive heat input. | AB96: Welder must use provided appropriate welding parameters to avoid excessive heat input. | AC96: N/A | AD96: N/A | AI96: =IF(ISBLANK(G96), "",IF(ISBLANK(AK96), TODAY()-G96, "Closed")) -> 305 | AJ96: =IF(ISBLANK(G96),"", IF(ISBLANK(AK96), "Pending", DATEDIF(G96,AK96,"d"))) -> Pending
A97: Cambridge | B97: Closed | C97: 25-089 | D97: Initial Rejection | E97: Customer | F97: Log Only | G97: 45730 | H97: =MONTH(Table1[[#This Row],[Received Date]]) -> 3 | I97: =YEAR(Table1[[#This Row],[Received Date]]) -> 2025 | J97: 58F2200054 | K97: Axle Housing STR | L97: =IF(ISNUMBER(SEARCH("Axle",K97)),"Axle", IF(ISNUMBER(SEARCH("Deck",K97)),"Deck", IF(ISNUMBER(SEARCH("Cab",K97)),"Cab", IF(ISNUMBER(SEARCH("Tank",K97)),"Tank", IF(ISNUMBER(SEARCH("Grill",K97)),"Grill", IF(ISNUMBER(SEARCH("Control",K97)),"Control Box", "Other")))))) -> Axle | M97: 517291 | N97: Komatsu | R97: count | S97: 5072 | T97: 45695 | U97: 1 | V97: Rear axle recieved at PMO missing the last 2 digits of the serial # and the revision #. Looks to have been ground off the start of the serial # reads 5072 | W97: Weld | X97: Damage | Y97: Jatinder Singh | Z97: y | AA97: Use of the grinder must be according to the SOP. Do not grind off stamp, it is also important for customer. | AB97: Use of the grinder must be according to the SOP. Do not grind off stamp, it is also important for customer. | AC97: N/A | AD97: N/A
A98: Cambridge | B98: Closed | C98: 25-090 | D98: Initial Rejection | E98: Customer | F98: Log Only | G98: 45730 | H98: =MONTH(Table1[[#This Row],[Received Date]]) -> 3 | I98: =YEAR(Table1[[#This Row],[Received Date]]) -> 2025 | J98: 58F2200054 | K98: Axle Housing STR | L98: =IF(ISNUMBER(SEARCH("Axle",K98)),"Axle", IF(ISNUMBER(SEARCH("Deck",K98)),"Deck", IF(ISNUMBER(SEARCH("Cab",K98)),"Cab", IF(ISNUMBER(SEARCH("Tank",K98)),"Tank", IF(ISNUMBER(SEARCH("Grill",K98)),"Grill", IF(ISNUMBER(SEARCH("Control",K98)),"Control Box", "Other")))))) -> Axle | M98: 517296 | N98: Komatsu | O98: =IF(ISNUMBER(SEARCH("mail",M98)), "Email", "") | P98: =IF(AND(200000<M98,M98<299999), 2, "") | Q98: =IF(AND(800000<M98,M98<899999), 8, "") | R98: count | S98: 507491 | T98: 45723 | U98: 1 | V98: Welding defects like undercuts, Lack of fusion, pin holes, undersize, weld barries, grinding marks etc. | W98: Weld | X98: Weld Defects | Y98: Jatinder Singh | Z98: y | AA98: Start Auditing LPA | AB98: Always use appropriate welding parameters and techniques. Operator must inspect his own work and fix it on the spot. Even single pin hole, single undercut, weld barries, tiny lack of fusions are not acceptable any more. | AC98: N/A | AD98: N/A | AI98: =IF(ISBLANK(G98), "",IF(ISBLANK(AK98), TODAY()-G98, "Closed")) -> 304 | AJ98: =IF(ISBLANK(G98),"", IF(ISBLANK(AK98), "Pending", DATEDIF(G98,AK98,"d"))) -> Pending
A99: Stratford | B99: Closed | C99: 25-091 | D99: Initial Rejection | E99: Customer | F99: Log Only | G99: Mar-12-2025 | H99: =MONTH(Table1[[#This Row],[Received Date]]) -> #VALUE! | I99: =YEAR(Table1[[#This Row],[Received Date]]) -> #VALUE! | J99: 10655721-011PEG | K99: Fuel Tank | L99: =IF(ISNUMBER(SEARCH("Axle",K99)),"Axle", IF(ISNUMBER(SEARCH("Deck",K99)),"Deck", IF(ISNUMBER(SEARCH("Cab",K99)),"Cab", IF(ISNUMBER(SEARCH("Tank",K99)),"Tank", IF(ISNUMBER(SEARCH("Grill",K99)),"Grill", IF(ISNUMBER(SEARCH("Control",K99)),"Control Box", "Other")))))) -> Tank | M99: CD00332807 | N99: GDLS | O99: =IF(ISNUMBER(SEARCH("mail",M99)), "Email", "") | P99: =IF(AND(200000<M99,M99<299999), 2, "") | Q99: =IF(AND(800000<M99,M99<899999), 8, "") | R99: =IF(OR(O99="Email",P99=2, Q99=8), "don't count", "count") -> count | S99: N/A | T99: 45689 | U99: 1 | V99: Fuel Tank Hinge Plate (FN13) is out of location. It is preventing fuel tank lid to be installed | W99: Weld | X99: Off Location | Y99: Keneel | Z99: y | AA99: Inspection Template Created. Defective Fixture Quarantine. New Fixture Design in process. | AB99: Quality Alert issued. Detection:- Inspection Template created. | AI99: =IF(ISBLANK(G99), "",IF(ISBLANK(AK99), TODAY()-G99, "Closed")) -> #VALUE! | AJ99: =IF(ISBLANK(G99),"", IF(ISBLANK(AK99), "Pending", DATEDIF(G99,AK99,"d"))) -> Pending
A100: Cambridge | B100: Closed | C100: 25-092 | D100: Initial Rejection | E100: Customer | F100: Log Only | G100: 45733 | H100: =MONTH(Table1[[#This Row],[Received Date]]) -> 3 | I100: =YEAR(Table1[[#This Row],[Received Date]]) -> 2025 | J100: 58B2200812 | K100: Axle Housing STR | L100: =IF(ISNUMBER(SEARCH("Axle",K100)),"Axle", IF(ISNUMBER(SEARCH("Deck",K100)),"Deck", IF(ISNUMBER(SEARCH("Cab",K100)),"Cab", IF(ISNUMBER(SEARCH("Tank",K100)),"Tank", IF(ISNUMBER(SEARCH("Grill",K100)),"Grill", IF(ISNUMBER(SEARCH("Control",K100)),"Control Box", "Other")))))) -> Axle | M100: 517308 | N100: Komatsu | O100: =IF(ISNUMBER(SEARCH("mail",M100)), "Email", "") | P100: =IF(AND(200000<M100,M100<299999), 2, "") | Q100: =IF(AND(800000<M100,M100<899999), 8, "") | R100: =IF(OR(O100="Email",P100=2, Q100=8), "don't count", "count") -> count | S100: 507205 | T100: 45705 | U100: 1 | V100: During assembly at G&D 58B3300400 mount str was found with 58B3300160 plate welded uside down causing holes to be off location. 58B3300160 will need cut off and new welded per print | W100: Weld | X100: Off Location | Y100: Jatinder Singh | Z100: y | AA100: Chek point can be added in the ITP. | AB100: Part should be checked twice with the customer drawing by welder after the tack welding . | AC100: N/A | AD100: N/A | AI100: =IF(ISBLANK(G100), "",IF(ISBLANK(AK100), TODAY()-G100, "Closed")) -> 301 | AJ100: =IF(ISBLANK(G100),"", IF(ISBLANK(AK100), "Pending", DATEDIF(G100,AK100,"d"))) -> Pending
...

Sheet Komatsu 2023
A1: Cambridge 60778
A2: Month | B2: Defect Notice Count All | C2: Defect Notice Productioon | D2: Defect Notice In Process Machining | E2: Defect Notice Raw Material | F2: Defect Notice NPI/PPAP | G2: Defect Notice PPD Parts | H2: No Defect Claims Early Life Failure | I2: Green Target | J2: Yellow Target | K2: Red Target | L2: Production DPU | M2: Production Average FY DPU | N2: Green Target | O2: Yellow Target | P2: Red Target | Q2: Q1 | R2: Q2 | S2: Q3 | T2: Q4 | U2: Defect Notice Rolling Quarterly Average | V2: No Defect Claims Early Life Failure
A3: 2019 avg \ month | C3: 15.16 | L3: 0.69 | M3: 0.69 | N3: 0.25 | O3: 1 | P3: 1.01 | Q3: 44 | R3: 45 | S3: 54 | T3: 39 | U3: 45.5
A4: 2020 avg \ month | C4: 7.75 | L4: 0.36 | M4: 0.36 | N4: 0.25 | O4: 1 | P4: 1.01 | Q4: 24 | R4: 16 | S4: 24 | T4: 29 | U4: 23.3
A5: 2021 avg \ month | C5: 4.5 | L5: 0.18 | M5: 0.18 | N5: 0.25 | O5: 1 | P5: 1.01 | Q5: 19 | R5: 9 | S5: 10 | T5: 16 | U5: 13.5
A6: 2022 avg \ month | C6: 8.08 | L6: 0.32 | M6: 0.36 | N6: 0.25 | O6: 1 | P6: 1.01 | Q6: 23 | R6: 17 | S6: 36 | T6: 21 | U6: 24.3
A7: Apr | B7: 7 | C7: 5 | D7: 0 | E7: 0 | F7: 2 | G7: 0 | H7: 0 | I7: 0 | J7: 1 | K7: 2 | L7: 0.63 | M7: 0.63 | N7: 0.25 | O7: 1 | P7: 1.01 | Q7: 7 | R7: 0 | S7: 0 | T7: 0 | U7: 1.8 | V7: 0
A8: May | B8: 16 | C8: 11 | D8: 0 | E8: 2 | F8: 3 | G8: 0 | H8: 0 | I8: 0 | J8: 1 | K8: 2 | L8: 1.38 | M8: 2 | N8: 0.25 | O8: 1 | P8: 1.01 | Q8: 23 | R8: 0 | S8: 0 | T8: 0 | U8: 5.8 | V8: 0
A9: Jun | B9: 10 | C9: 8 | D9: 0 | E9: 1 | F9: 1 | G9: 0 | H9: 0 | I9: 0 | J9: 1 | K9: 2 | L9: 1 | M9: 3 | N9: 0.25 | O9: 1 | P9: 1.01 | Q9: 33 | R9: 0 | S9: 0 | T9: 0 | U9: 8.3 | V9: 0
A10: Jul | B10: 8 | C10: 7 | D10: 0 | E10: 0 | F10: 1 | G10: 0 | H10: 0 | I10: 0 | J10: 1 | K10: 2 | L10: 0.88 | M10: 1.41 | N10: 0.25 | O10: 1 | P10: 1.01 | Q10: 33 | R10: 8 | S10: 0 | T10: 0 | U10: 10.3 | V10: 0
A11: Aug | B11: 11 | C11: 8 | D11: 0 | E11: 0 | F11: 3 | G11: 0 | H11: 0 | I11: 0 | J11: 1 | K11: 2 | L11: 1 | M11: 1 | N11: 0.25 | O11: 1 | P11: 1.01 | Q11: 33 | R11: 19 | S11: 0 | T11: 0 | U11: 13 | V11: 0
A12: Sep | B12: 4 | C12: 3 | D12: 0 | E12: 0 | F12: 1 | G12: 0 | H12: 0 | I12: 0 | J12: 1 | K12: 2 | L12: 0.38 | M12: 0.72 | N12: 0.25 | O12: 1 | P12: 1.01 | Q12: 33 | R12: 23 | S12: 0 | T12: 0 | U12: 14 | V12: 0
A13: Oct | B13: 10 | C13: 3 | D13: 0 | E13: 1 | F13: 6 | G13: 0 | H13: 0 | I13: 0 | J13: 1 | K13: 2 | L13: 0.38 | M13: 0.39 | N13: 0.25 | O13: 1 | P13: 1.01 | Q13: 32 | R13: 23 | S13: 10 | T13: 0 | U13: 16.3 | V13: 0
A14: Nov | B14: 23 | C14: 16 | D14: 0 | E14: 2 | F14: 4 | G14: 1 | H14: 0 | I14: 0 | J14: 1 | K14: 2 | L14: 0.8 | M14: 0.46 | N14: 0.25 | O14: 1 | P14: 1.01 | Q14: 32 | R14: 23 | S14: 33 | T14: 0 | U14: 22 | V14: 0
A15: Dec | B15: 10 | C15: 8 | D15: 0 | E15: 0 | F15: 2 | G15: 0 | H15: 0 | I15: 0 | J15: 1 | K15: 2 | L15: 0.35 | M15: 0.44 | N15: 0.25 | O15: 1 | P15: 1.01 | Q15: 32 | R15: 23 | S15: 43 | T15: 0 | U15: 24.5 | V15: 0
A16: Jan | B16: 16 | C16: 5 | D16: 0 | E16: 2 | F16: 9 | G16: 0 | H16: 0 | I16: 0 | J16: 1 | K16: 2 | L16: 0.19 | M16: 0.4 | N16: 0.25 | O16: 1 | P16: 1.01 | Q16: 32 | R16: 23 | S16: 43 | T16: 16 | U16: 28.5 | V16: 0
A17: Feb | B17: 11 | C17: 7 | D17: 0 | E17: 1 | F17: 3 | G17: 0 | H17: 0 | I17: 0 | J17: 1 | K17: 2 | L17: 0.26 | M17: 0.39 | N17: 0.25 | O17: 1 | P17: 1.01 | Q17: 32 | R17: 23 | S17: 42 | T17: 27 | U17: 31 | V17: 0
A18: Mar | B18: 13 | C18: 9 | D18: 0 | E18: 0 | F18: 4 | G18: 0 | H18: 0 | I18: 0 | J18: 1 | K18: 2 | L18: 0.29 | M18: 0.37 | N18: 0.25 | O18: 1 | P18: 1.01 | Q18: 32 | R18: 23 | S18: 42 | T18: 40 | U18: 34.3 | V18: 0
A20: Woodstock 60782
A21: Month | B21: Defect Notice Count All | C21: Defect Notice Productioon | D21: Defect Notice In Process Machining | E21: Defect Notice Raw Material | F21: Defect Notice NPI/PPAP | G21: Defect Notice PPD Parts | H21: No Defect Claims Early Life Failure | I21: Green Target | J21: Yellow Target | K21: Red Target | L21: Production DPU | M21: Production Average FY DPU | N21: Green Target | O21: Yellow Target | P21: Red Target | Q21: Q1 | R21: Q2 | S21: Q3 | T21: Q4 | U21: Defect Notice Rolling Quarterly Average | V21: No Defect Claims Early Life Failure
A22: 2019 avg \ month | C22: 2.92 | L22: 0.17 | M22: 0.17 | N22: 0.25 | O22: 1 | P22: 1.01 | Q22: 11 | R22: 8 | S22: 5 | T22: 11 | U22: 8.8
A23: 2020 avg \ month | C23: 1.25 | L23: 0.08 | M23: 0.08 | N23: 0.25 | O23: 1 | P23: 1.01 | Q23: 5 | R23: 6 | S23: 3 | T23: 3 | U23: 3.8
A24: 2021 avg \ month | C24: 1.166 | L24: 0.08 | M24: 0.08 | N24: 0.25 | O24: 1 | P24: 1.01 | Q24: 1 | R24: 5 | S24: 4 | T24: 4 | U24: 3.5
A25: 2022 avg \ month | C25: 1.5 | L25: 0.05 | M25: 0.09 | N25: 0.25 | O25: 1 | P25: 1.01 | Q25: 5 | R25: 4 | S25: 7 | T25: 2 | U25: 4.5
A26: Apr | B26: 0 | C26: 0 | D26: 0 | E26: 0 | F26: 0 | G26: 0 | H26: 0 | I26: 0 | J26: 1 | K26: 2 | L26: 0 | M26: 0 | N26: 0.25 | O26: 1 | P26: 1.01 | Q26: 0 | R26: 0 | S26: 0 | T26: 0 | U26: 0 | V26: 0
A27: May | B27: 4 | C27: 4 | D27: 0 | E27: 0 | F27: 0 | G27: 0 | H27: 0 | I27: 0 | J27: 1 | K27: 2 | L27: 0.5 | M27: 0.5 | N27: 0.25 | O27: 1 | P27: 1.01 | Q27: 4 | R27: 0 | S27: 0 | T27: 0 | U27: 1 | V27: 0
A28: Jun | B28: 2 | C28: 2 | D28: 0 | E28: 0 | F28: 0 | G28: 0 | H28: 0 | I28: 0 | J28: 1 | K28: 2 | L28: 0.25 | M28: 0.75 | N28: 0.25 | O28: 1 | P28: 1.01 | Q28: 6 | R28: 0 | S28: 0 | T28: 0 | U28: 1.5 | V28: 0
A29: Jul | B29: 5 | C29: 5 | D29: 0 | E29: 0 | F29: 0 | G29: 0 | H29: 0 | I29: 0 | J29: 1 | K29: 2 | L29: 0.63 | M29: 0.5 | N29: 0.25 | O29: 1 | P29: 1.01 | Q29: 6 | R29: 5 | S29: 0 | T29: 0 | U29: 2.8 | V29: 0
A30: Aug | B30: 5 | C30: 5 | D30: 0 | E30: 0 | F30: 0 | G30: 0 | H30: 0 | I30: 0 | J30: 1 | K30: 2 | L30: 0.63 | M30: 0.31 | N30: 0.25 | O30: 1 | P30: 1.01 | Q30: 6 | R30: 10 | S30: 0 | T30: 0 | U30: 4 | V30: 0
A31: Sep | B31: 0 | C31: 0 | D31: 0 | E31: 0 | F31: 0 | G31: 0 | H31: 0 | I31: 0 | J31: 1 | K31: 2 | L31: 0 | M31: 0.28 | N31: 0.25 | O31: 1 | P31: 1.01 | Q31: 6 | R31: 10 | S31: 0 | T31: 0 | U31: 4 | V31: 0
A32: Oct | B32: 2 | C32: 2 | D32: 0 | E32: 0 | F32: 0 | G32: 0 | H32: 0 | I32: 0 | J32: 1 | K32: 2 | L32: 0.25 | M32: 0.15 | N32: 0.25 | O32: 1 | P32: 1.01 | Q32: 5 | R32: 10 | S32: 2 | T32: 0 | U32: 4.3 | V32: 0
A33: Nov | B33: 0 | C33: 0 | D33: 0 | E33: 0 | F33: 0 | G33: 0 | H33: 0 | I33: 0 | J33: 1 | K33: 2 | L33: 0 | M33: 0.13 | N33: 0.25 | O33: 1 | P33: 1.01 | Q33: 5 | R33: 10 | S33: 2 | T33: 0 | U33: 4.3 | V33: 0
A34: Dec | B34: 1 | C34: 1 | D34: 0 | E34: 0 | F34: 0 | G34: 0 | H34: 0 | I34: 0 | J34: 1 | K34: 2 | L34: 0.04 | M34: 0.11 | N34: 0.25 | O34: 1 | P34: 1.01 | Q34: 5 | R34: 10 | S34: 3 | T34: 0 | U34: 4.5 | V34: 0
A35: Jan | B35: 4 | C35: 4 | D35: 0 | E35: 0 | F35: 0 | G35: 0 | H35: 0 | I35: 0 | J35: 1 | K35: 2 | L35: 0.15 | M35: 0.12 | N35: 0.25 | O35: 1 | P35: 1.01 | Q35: 5 | R35: 10 | S35: 3 | T35: 4 | U35: 5.5 | V35: 0
A36: Feb | B36: 4 | C36: 4 | D36: 0 | E36: 0 | F36: 0 | G36: 0 | H36: 0 | I36: 0 | J36: 1 | K36: 2 | L36: 0.15 | M36: 0.11 | N36: 0.25 | O36: 1 | P36: 1.01 | Q36: 4 | R36: 10 | S36: 2 | T36: 8 | U36: 6 | V36: 0
A37: Mar | B37: 4 | C37: 4 | D37: 0 | E37: 0 | F37: 0 | G37: 0 | H37: 0 | I37: 0 | J37: 1 | K37: 2 | L37: 0.13 | M37: 0.12 | N37: 0.25 | O37: 1 | P37: 1.01 | Q37: 4 | R37: 10 | S37: 2 | T37: 12 | U37: 7 | V37: 0

Sheet Quaterly Reporting
K2: Status | L2: (Multiple Items)
C3: Cambridge 60778
C4: Q1 | D4: Q2 | E4: Q3 | F4: Q4 | G4: Defect Notice Rolling Quarterly Average | K4: Count of Log # | L4: Column Labels
B5: 2019 | C5: 44 | D5: 45 | E5: 54 | F5: 39 | G5: 45.5 | H5: included ppap | K5: Row Labels | L5: Initial Rejection | M5: Pull stock / Purge | N5: MRB | O5: Grand Total
B6: 2020 | C6: 24 | D6: 16 | E6: 24 | F6: 29 | G6: 23.3 | H6: included ppap | K6: all | L6: 1 | O6: 1
B7: 2020 | C7: 21 | D7: 12 | E7: 19 | F7: 26 | H7: excluding PPAP | K7: GDLS | L7: 15 | M7: 4 | N7: 7 | O7: 26
B8: 2021 | C8: 19 | D8: 9 | E8: 10 | H8: included ppap | K8: Komatsu | L8: 143 | M8: 33 | O8: 176
B9: 2021 | C9: 17 | D9: 8 | E9: 4 | H9: excluding PPAP | K9: Mack Defense | L9: 1 | O9: 1
K10: Midland | L10: 1 | O10: 1
K11: Progress Rail | L11: 1 | O11: 1
C12: Woodstock 60782 | K12: QCI Cambridge | L12: 2 | O12: 2
C13: Q1 | D13: Q2 | E13: Q3 | F13: Q4 | G13: Defect Notice Rolling Quarterly Average | H13: no ppap rej | K13: QCI Woodstock | L13: 2 | M13: 1 | O13: 3
B14: 2019 | C14: 11 | D14: 8 | E14: 5 | F14: 11 | G14: 8.8 | K14: Grand Total | L14: 166 | M14: 38 | N14: 7 | O14: 211
B15: 2020 | C15: 5 | D15: 6 | E15: 3 | F15: 3 | G15: 3.8

Sheet LS1131717 Data
E1: Part Number | F1: (Multiple Items)
E2: Status | F2: (Multiple Items)
E3: Location (as applicable) | F3: Stratford
E5: Row Labels
E6: Grand Total

Sheet Komatsu 2024
A1: Cambridge 60778
A2: Month | B2: Defect Notice Count All | C2: Defect Notice Productioon | D2: Defect Notice In Process Machining | E2: Defect Notice Raw Material | F2: Defect Notice NPI/PPAP | G2: Defect Notice PPD Parts | H2: No Defect Claims Early Life Failure | I2: Green Target | J2: Yellow Target | K2: Red Target | L2: Production DPU | M2: Production Average FY DPU | N2: Green Target | O2: Yellow Target | P2: Red Target | Q2: Q1 | R2: Q2 | S2: Q3 | T2: Q4 | U2: Defect Notice Rolling Quarterly Average | V2: No Defect Claims Early Life Failure
A3: 2021 avg \ month | C3: 4.5 | L3: 0.18 | M3: 0.18 | N3: 0.25 | O3: 1 | P3: 1.01 | Q3: 19 | R3: 9 | S3: 10 | T3: 16 | U3: 13.5
A4: 2022 avg \ month | C4: 8.08 | L4: 0.32 | M4: 0.36 | N4: 0.25 | O4: 1 | P4: 1.01 | Q4: 23 | R4: 17 | S4: 36 | T4: 21 | U4: 24.3
A5: 2023 avg \ month | C5: 11.42 | L5: 0.29 | M5: 0.37 | N5: 0.25 | O5: 1 | P5: 1.01 | Q5: 32 | R5: 23 | S5: 42 | T5: 40 | U5: 34.3
A6: Apr | B6: 8 | C6: 6 | D6: 0 | E6: 0 | F6: 2 | G6: 0 | H6: 0 | I6: 0 | J6: 1 | K6: 2 | L6: 0.21 | M6: 0.21 | N6: 0.25 | O6: 1 | P6: 1.01 | Q6: 8 | R6: 0 | S6: 0 | T6: 0 | U6: 2 | V6: 0
A7: May | B7: 9 | C7: 8 | D7: 0 | E7: 1 | F7: 0 | G7: 0 | H7: 0 | I7: 0 | J7: 1 | K7: 2 | L7: 0.27 | M7: 0.24 | N7: 0.25 | O7: 1 | P7: 1.01 | Q7: 17 | R7: 0 | S7: 0 | T7: 0 | U7: 4.3 | V7: 0
A8: Jun | B8: 28 | C8: 6 | D8: 0 | E8: 10 | F8: 10 | G8: 2 | H8: 0 | I8: 0 | J8: 1 | K8: 2 | L8: 0.2 | M8: 0.22 | N8: 0.25 | O8: 1 | P8: 1.01 | Q8: 45 | R8: 0 | S8: 0 | T8: 0 | U8: 11.3 | V8: 0
A9: Jul | B9: 8 | C9: 5 | D9: 0 | E9: 0 | F9: 3 | G9: 0 | H9: 0 | I9: 0 | J9: 1 | K9: 2 | L9: 0.2 | M9: 0.22 | N9: 0.25 | O9: 1 | P9: 1.01 | Q9: 45 | R9: 8 | S9: 0 | T9: 0 | U9: 13.3 | V9: 0
A10: Aug | B10: 22 | C10: 12 | D10: 0 | E10: 5 | F10: 5 | G10: 0 | H10: 0 | I10: 0 | J10: 1 | K10: 2 | L10: 0.41 | M10: 0.26 | N10: 0.25 | O10: 1 | P10: 1.01 | Q10: 45 | R10: 30 | S10: 0 | T10: 0 | U10: 18.8 | V10: 0
A11: Sep | B11: 18 | C11: 7 | D11: 0 | E11: 7 | F11: 4 | G11: 0 | H11: 0 | I11: 0 | J11: 1 | K11: 2 | L11: 0.3 | M11: 0.27 | N11: 0.25 | O11: 1 | P11: 1.01 | Q11: 45 | R11: 48 | S11: 0 | T11: 0 | U11: 23.3 | V11: 0
A12: Oct | B12: 21 | C12: 16 | D12: 0 | E12: 2 | F12: 3 | G12: 0 | H12: 0 | I12: 0 | J12: 1 | K12: 2 | L12: 0.57 | M12: 0.3 | N12: 0.25 | O12: 1 | P12: 1.01 | Q12: 45 | R12: 48 | S12: 21 | T12: 0 | U12: 27.8 | V12: 0
A13: Nov | B13: 12 | C13: 12 | D13: 0 | E13: 0 | F13: 0 | G13: 0 | H13: 0 | I13: 0 | J13: 1 | K13: 2 | L13: 0.57 | M13: 0.33 | N13: 0.25 | O13: 1 | P13: 1.01 | Q13: 42 | R13: 48 | S13: 33 | T13: 0 | U13: 30.8 | V13: 0
A14: Dec | B14: 13 | C14: 10 | D14: 0 | E14: 1 | F14: 1 | G14: 1 | H14: 0 | I14: 0 | J14: 1 | K14: 2 | L14: 0.53 | M14: 0.35 | N14: 0.25 | O14: 1 | P14: 1.01 | Q14: 42 | R14: 48 | S14: 46 | T14: 0 | U14: 34 | V14: 0
A15: Jan | B15: 11 | C15: 4 | D15: 0 | E15: 1 | F15: 3 | G15: 3 | H15: 0 | I15: 0 | J15: 1 | K15: 2 | L15: 0.16 | M15: 0.33 | N15: 0.25 | O15: 1 | P15: 1.01 | Q15: 42 | R15: 48 | S15: 46 | T15: 11 | U15: 36.8 | V15: 0
A16: Feb | B16: 37 | C16: 32 | D16: 0 | E16: 4 | F16: 1 | G16: 0 | H16: 0 | I16: 0 | J16: 1 | K16: 2 | L16: 1.19 | M16: 0.41 | N16: 0.25 | O16: 1 | P16: 1.01 | Q16: 42 | R16: 48 | S16: 46 | T16: 48 | U16: 46 | V16: 0
A17: Mar | B17: 29 | C17: 25 | D17: 0 | E17: 2 | F17: 2 | G17: 0 | H17: 0 | I17: 0 | J17: 1 | K17: 2 | N17: 0.25 | O17: 1 | P17: 1.01 | Q17: 42 | R17: 48 | S17: 46 | T17: 74 | U17: 52.5 | V17: 0
A19: Woodstock 60782
A20: Month | B20: Defect Notice Count All | C20: Defect Notice Productioon | D20: Defect Notice In Process Machining | E20: Defect Notice Raw Material | F20: Defect Notice NPI/PPAP | G20: Defect Notice PPD Parts | H20: No Defect Claims Early Life Failure | I20: Green Target | J20: Yellow Target | K20: Red Target | L20: Production DPU | M20: Production Average FY DPU | N20: Green Target | O20: Yellow Target | P20: Red Target | Q20: Q1 | R20: Q2 | S20: Q3 | T20: Q4 | U20: Defect Notice Rolling Quarterly Average | V20: No Defect Claims Early Life Failure
A21: 2021 avg \ month | C21: 1.166 | L21: 0.08 | M21: 0.08 | N21: 0.25 | O21: 1 | P21: 1.01 | Q21: 1 | R21: 5 | S21: 4 | T21: 4 | U21: 3.5
A22: 2022 avg \ month | C22: 1.5 | L22: 0.05 | M22: 0.09 | N22: 0.25 | O22: 1 | P22: 1.01 | Q22: 5 | R22: 4 | S22: 7 | T22: 2 | U22: 4.5
A23: 2023 avg \ month | C23: 2.33 | L23: 0.13 | M23: 0.12 | N23: 0.25 | O23: 1 | P23: 1.01 | Q23: 4 | R23: 10 | S23: 2 | T23: 12 | U23: 7
A24: Apr | B24: 6 | C24: 6 | D24: 0 | E24: 0 | F24: 2 | G24: 0 | H24: 0 | I24: 0 | J24: 1 | K24: 2 | L24: 0.21 | M24: 0.21 | N24: 0.25 | O24: 1 | P24: 1.01 | Q24: 6 | R24: 0 | S24: 0 | T24: 0 | U24: 1.5 | V24: 0
A25: May | B25: 7 | C25: 7 | D25: 0 | E25: 0 | F25: 0 | G25: 0 | H25: 0 | I25: 0 | J25: 1 | K25: 2 | L25: 0.23 | M25: 0.22 | N25: 0.25 | O25: 1 | P25: 1.01 | Q25: 13 | R25: 0 | S25: 0 | T25: 0 | U25: 3.3 | V25: 0
A26: Jun | B26: 5 | C26: 5 | D26: 0 | E26: 0 | F26: 0 | G26: 0 | H26: 0 | I26: 0 | J26: 1 | K26: 2 | L26: 0.17 | M26: 0.2 | N26: 0.25 | O26: 1 | P26: 1.01 | Q26: 18 | R26: 0 | S26: 0 | T26: 0 | U26: 4.5 | V26: 0
A27: Jul | B27: 2 | C27: 2 | D27: 0 | E27: 0 | F27: 0 | G27: 0 | H27: 0 | I27: 0 | J27: 1 | K27: 2 | L27: 0.08 | M27: 0.18 | N27: 0.25 | O27: 1 | P27: 1.01 | Q27: 18 | R27: 2 | S27: 0 | T27: 0 | U27: 5 | V27: 0
A28: Aug | B28: 9 | C28: 9 | D28: 0 | E28: 0 | F28: 0 | G28: 0 | H28: 0 | I28: 0 | J28: 1 | K28: 2 | L28: 0.31 | M28: 0.2 | N28: 0.25 | O28: 1 | P28: 1.01 | Q28: 18 | R28: 11 | S28: 0 | T28: 0 | U28: 7.3 | V28: 0
A29: Sep | B29: 0 | C29: 0 | D29: 0 | E29: 0 | F29: 0 | G29: 0 | H29: 0 | I29: 0 | J29: 1 | K29: 2 | L29: 0 | M29: 0.17 | N29: 0.25 | O29: 1 | P29: 1.01 | Q29: 18 | R29: 11 | S29: 0 | T29: 0 | U29: 7.3 | V29: 0
A30: Oct | I30: 0 | J30: 1 | K30: 2 | N30: 0.25 | O30: 1 | P30: 1.01
A31: Nov | B31: 1 | C31: 0 | D31: 0 | E31: 0 | F31: 1 | G31: 0 | H31: 0 | I31: 0 | J31: 1 | K31: 2 | L31: 0 | M31: 0.13 | N31: 0.25 | O31: 1 | P31: 1.01 | Q31: 18 | R31: 11 | S31: 1 | T31: 0 | U31: 7.5 | V31: 0
A32: Dec | I32: 0 | J32: 1 | K32: 2 | N32: 0.25 | O32: 1 | P32: 1.01
A33: Jan | I33: 0 | J33: 1 | K33: 2 | N33: 0.25 | O33: 1 | P33: 1.01
A34: Feb | I34: 0 | J34: 1 | K34: 2 | N34: 0.25 | O34: 1 | P34: 1.01
A35: Mar | I35: 0 | J35: 1 | K35: 2 | N35: 0.25 | O35: 1 | P35: 1.01

Sheet Komatsu 2025
A1: Cambridge 60778
A2: Month | B2: Defect Notice Count All | C2: Defect Notice Productioon | D2: Defect Notice In Process Machining | E2: Defect Notice Raw Material | F2: Defect Notice NPI/PPAP | G2: Defect Notice PPD Parts | H2: No Defect Claims Early Life Failure | I2: Green Target | J2: Yellow Target | K2: Red Target | L2: Green Target | M2: Yellow Target | N2: Red Target | O2: Q1 | P2: Q2 | Q2: Q3 | R2: Q4 | S2: Defect Notice Rolling Quarterly Average | T2: No Defect Claims Early Life Failure
A3: 2022 avg \ month | C3: 8.08 | L3: 0.25 | M3: 1 | N3: 1.01 | O3: 23 | P3: 17 | Q3: 36 | R3: 21 | S3: 24.3
A4: 2023 avg \ month | C4: 11.42 | L4: 0.25 | M4: 1 | N4: 1.01 | O4: 32 | P4: 23 | Q4: 42 | R4: 40 | S4: 34.3
A5: 2024 avg \ month | C5: 18 | L5: 0.25 | M5: 1 | N5: 1.01 | O5: 42 | P5: 48 | Q5: 46 | R5: 74 | S5: 52.5
A6: Apr | B6: 23 | C6: 21 | D6: 0 | E6: 2 | F6: 0 | G6: 0 | H6: 0 | I6: 0 | J6: 1 | K6: 2 | L6: 0.25 | M6: 1 | N6: 1.01 | O6: 23 | P6: 0 | Q6: 0 | R6: 0 | S6: 5.8
A7: May | B7: 25 | C7: 23 | D7: 0 | E7: 0 | F7: 2 | G7: 0 | H7: 0 | I7: 0 | J7: 1 | K7: 2 | L7: 0.25 | M7: 1 | N7: 1.01 | O7: 48 | P7: 0 | Q7: 0 | R7: 0 | S7: 12
A8: Jun | B8: 10 | C8: 8 | D8: 0 | E8: 0 | F8: 2 | G8: 0 | H8: 0 | I8: 0 | J8: 1 | K8: 2 | L8: 0.25 | M8: 1 | N8: 1.01 | O8: 58 | P8: 0 | Q8: 0 | R8: 0 | S8: 14.5
A9: Jul | B9: 11 | C9: 10 | D9: 0 | E9: 1 | F9: 0 | G9: 0 | H9: 0 | I9: 0 | J9: 1 | K9: 2 | L9: 0.25 | M9: 1 | N9: 1.01 | O9: 58 | P9: 11 | Q9: 0 | R9: 0 | S9: 17.3
A10: Aug | B10: 19 | C10: 16 | D10: 0 | E10: 1 | F10: 2 | G10: 0 | H10: 0 | I10: 0 | J10: 1 | K10: 2 | L10: 0.25 | M10: 1 | N10: 1.01 | O10: 57 | P10: 30 | Q10: 0 | R10: 0 | S10: 21.8 | T10: 0
A11: Sep | B11: 23 | C11: 15 | D11: 0 | E11: 2 | F11: 2 | G11: 4 | H11: 0 | I11: 0 | J11: 1 | K11: 2 | L11: 0.25 | M11: 1 | N11: 1.01 | O11: 57 | P11: 53 | Q11: 0 | R11: 0 | S11: 27.5 | T11: 0
A12: Oct | B12: 17 | C12: 11 | D12: 0 | E12: 1 | F12: 5 | G12: 0 | H12: 0 | I12: 0 | J12: 1 | K12: 2 | L12: 0.25 | M12: 1 | N12: 1.01 | O12: 57 | P12: 53 | Q12: 17 | R12: 0 | S12: 31.8 | T12: 0
A13: Nov | B13: 10 | C13: 8 | D13: 0 | E13: 0 | F13: 2 | G13: 0 | H13: 0 | I13: 0 | J13: 1 | K13: 2 | L13: 0.25 | M13: 1 | N13: 1.01 | O13: 57 | P13: 53 | Q13: 27 | R13: 0 | S13: 34.3 | T13: 0
A14: Dec | B14: 12 | C14: 11 | D14: 0 | E14: 0 | F14: 1 | G14: 0 | H14: 0 | I14: 0 | J14: 1 | K14: 2 | L14: 0.25 | M14: 1 | N14: 1.01 | O14: 57 | P14: 53 | Q14: 39 | R14: 0 | S14: 37.3 | T14: 0
A15: Jan | I15: 0 | J15: 1 | K15: 2 | L15: 0.25 | M15: 1 | N15: 1.01
A16: Feb | I16: 0 | J16: 1 | K16: 2 | L16: 0.25 | M16: 1 | N16: 1.01
A17: Mar | I17: 0 | J17: 1 | K17: 2 | L17: 0.25 | M17: 1 | N17: 1.01

Sheet Komatsu Defect Codes
A1: Defect Notices | B1: DPU Stats
A2: 88/ 89 series | B2: not counted - pull stock
A3: 200 series | B3: not counted - sub contract
A4: 95 series | B4: counted - sample tags
A5: 93 series | B5: counted - rejected at weld
A6: 500 series | B6: counted - assembly area (allocated to trucks)
A7: 300 series | B7: counted - PPD rejections (service orders)

Sheet Lists
A1: Location (as applicable) | B1: Status | C1: Incidence Type | D1: Type | E1: Category | F1: Customer | G1: Department Responsible | H1: Defect Category
A2: The Data Validation in the Log is pulling from columns in the Table below: Table name is "LISTS", and Column header is "Location" in this example.
A3: Syntax example: | D3: `=INDIRECT("LISTS[Location]")
A4: Location | B4: Status | C4: IncType | D4: Type | E4: Category | F4: Customer | G4: Dept. | H4: DefectCat | I4: RMA Status | J4: RMA Disposition
A5: Cambridge | B5: Open | C5: Initial Rejection | D5: Internal | E5: 8D - Customer | F5: ALL | G5: Laser / Plasma | H5: Adhesion | I5: Open | J5: Waiting for Return
A6: Stratford | B6: Initial | C6: MRB | D6: Customer | E6: 8D - Internal | F6: Caterpillar | G6: Machining | H6: Audit | I6: Closed | J6: Scrap & Replace
A7: Woodstock | B7: Follow up | C7: RMA | D7: Warranty | E7: 5 Why | F7: DNV (formerly TRC) | G7: Forming | H7: Backwards/Wrong Side | J7: Rework
A8: QCI Division | B8: In Dispute | C8: Customer Request | D8: Audit | E8: Log Only | F8: EMD | G8: Bevel | H8: Contamination | J8: Dispute
B9: Cancelled | C9: Pull stock / Purge | E9: Audit CA | F9: Galvion | G9: Clean/Grind | H9: Cracked
B10: QCI Rejected | C10: Internal Audit | E10: OFI | F10: GDLS | G10: Customer Issue | H10: Customer change / error
B11: RMA only | C11: Internal NCR | F11: IEC Holden | G11: Weld | H11: Damaged
B12: Closed | F12: Internal | G12: Paint | H12: Dim O/S
F13: John Deere | G13: Assembly | H13: Dim U/S
F14: Komatsu | G14: Shipping | H14: DXF / CAD Error
F15: Mack Defense | G15: Stamping | H15: Film Build
G16: Zinc Coating | H16: Poor Workmanship
F17: Midland | G17: Quality | H17: Flatness
F18: Militex | G18: Engineering | H18: Grinding / Sanding marks
F19: Olympic | G19: Receiving / Supplier | H19: Lack of Fusion
F20: Progress Rail | G20: Mateial Handling | H20: Masking / Prep
F21: QCI All | G21: Weld / Paint | H21: Material Distortion
F22: QCI Cambridge | H22: Missed Operation
F23: QCI Stratford | H23: Missing Component
H24: Out of Specification
F25: QCI Woodstock | H25: Missing Feature
F26: STRYTEN CANADA | H26: Missing Paint
F27: Liberty | H27: Wrong Orientation/ Flipped
F28: Timberline | H28: Missing Product ID
H29: Missing Weld
H30: Light Paint
H31: Off Location
H32: Orange Peal
H33: Overspray
H34: Poor Function
H35: Poor Pin Fit
H36: Porosity
H37: Profile
H38: Programing Error
H39: Runs
H40: Rust - Pitting
... H55: Internal Audit

Sheet CAR meeting Cambridge
A1: Date | B1: Attendence
A2: Dec16 2025 | B2: Yingman C; Peter C; Sibin S; Jatinder S; Jordan C

Sheet Camb Huddle Board Chart
A2: Location (as applicable) | B2: Cambridge
A3: Years (Received Date) | B3: 2022
A4: Months (Received Date) | B4: May
A5: Status | B5: (Multiple Items)
A7: Row Labels | B7: Sum of Quantity
A8: Komatsu | B8: 18
A9: 58F4601301 | B9: 1
A10: Gusset on accumulator bracket has porosity | B10: 1
A11: 58E4600711 | B11: 4
A12: All the flat plates has lack of fusion,profile leg of weld dont hit the crown. The blocks on the ends has bad profile, overlap and pinhole. Debit $150.00 | B12: 1
A13: Welds on inside fo flat plates has lack of fusion, profile, porosity, where two welds stop has to spaced 1 inch apart. | B13: 1
A14: Top and bottom of the flat plate are low. Leg of welds don’t hit the crown profile,inside plate,profile,lack of fusion. Debit $150.00 | B14: 1
A15: Part 58E4600711 was built wrong the center structure is 98mm off location, one side is 965mm and the other side is 1161mmm, Bebit $2195.37 | B15: 1
A16: 58F8003220 | B16: 3
A17: Two different parts found on pallet on G&D receiving dock. Parts need to be on separate pallets to prevent possible miss picks. 58F8001380 & 58F8003220 need to stored in separate locations. Debit $42.50 | B17: 3
A18: 58F8001380 | B18: 3
A19: Two different parts found on pallet on G&D receiving dock. Parts need to be on separate pallets to prevent possible miss picks. 58F8001380 & 58F8003220 need to stored in separate locations. Debit $42.50 | B19: 3
... A34: Grand Total | B34: 18

Sheet Employee ID
B1: ***NOTE: Values only include defects where single employee ID numbers were reported | J1: Greater than 5.0% of total
J2: Greater than 5.0% of total | N2: ***Not included in data shown
B3: Employee ID # | C3: Start/Interruption of Service Date | D3: Last Name | E3: First Name | F3: Shift | G3: Line Location | H3: Status | I3: # Incidents | J3: % of Total Incidents | K3: Defect Qty | L3: % of Total Defect Qty | N3: EMPLOYEE ID # (Multiple) | O3: QTY
B4: 11049 | C4: 43262 | D4: Catipi | E4: Arif | F4: Day | G4: MACK | H4: ACTIVE | I4: =COUNTIF(#REF!, B4) -> #REF! | J4: =I4/$I$82 -> #REF! | K4: =SUMIF(#REF!,'Employee ID'!B4,#REF!) -> #REF! | L4: =K4/$K$82 -> #REF! | N4: 10913/10995 | O4: 1
B5: 11040 | C5: 43245 | D5: Gouthro | E5: Shannon | F5: Afternoon | H5: ACTIVE | I5: =COUNTIF(#REF!, B5) -> #REF! | J5: =I5/$I$82 -> #REF! | K5: =SUMIF(#REF!,'Employee ID'!B5,#REF!) -> #REF! | L5: =K5/$K$82 -> #REF! | N5: 9778/9812/9816 | O5: 1
B6: 11039 | C6: 43245 | D6: Lacroix | E6: Tristan | F6: Day Train | H6: ACTIVE | I6: =COUNTIF(#REF!, B6) -> #REF! | J6: =I6/$I$82 -> #REF! | K6: =SUMIF(#REF!,'Employee ID'!B6,#REF!) -> #REF! | L6: =K6/$K$82 -> #REF! | N6: 10945/10798 | O6: 1
B7: 11038 | C7: 43245 | D7: Denys | E7: Rodrigo | F7: Afternoon | H7: ACTIVE | I7: =COUNTIF(#REF!, B7) -> #REF! | J7: =I7/$I$82 -> #REF! | K7: =SUMIF(#REF!,'Employee ID'!B7,#REF!) -> #REF! | L7: =K7/$K$82 -> #REF! | N7: 10945/10798 | O7: 5
B8: 11037 | C8: 43245 | D8: Banman | E8: Dwayne | F8: Afternoon | G8: May 25th | H8: ACTIVE | I8: =COUNTIF(#REF!, B8) -> #REF! | J8: =I8/$I$82 -> #REF! | K8: =SUMIF(#REF!,'Employee ID'!B8,#REF!) -> #REF! | L8: =K8/$K$82 -> #REF! | N8: 9998/10990 | O8: 1
B9: 11036 | C9: 43245 | D9: Francis | E9: James | F9: Afternoon | H9: ACTIVE | I9: =COUNTIF(#REF!, B9) -> #REF! | J9: =I9/$I$82 -> #REF! | K9: =SUMIF(#REF!,'Employee ID'!B9,#REF!) -> #REF! | L9: =K9/$K$82 -> #REF! | N9: 9793/10913/10800 | O9: 1
B10: 11033 | C10: 43234 | D10: Legge | E10: Gregg | F10: Afternoon | G10: Cab Skin | H10: ACTIVE | I10: =COUNTIF(#REF!, B10) -> #REF! | J10: =I10/$I$82 -> #REF! | K10: =SUMIF(#REF!,'Employee ID'!B10,#REF!) -> #REF! | L10: =K10/$K$82 -> #REF! | N10: 9793/10913/10800 | O10: 1
B11: 11032 | C11: 43234 | D11: Hewson | E11: Joseph | F11: Afternoon | H11: ACTIVE | I11: =COUNTIF(#REF!, B11) -> #REF! | J11: =I11/$I$82 -> #REF! | K11: =SUMIF(#REF!,'Employee ID'!B11,#REF!) -> #REF! | L11: =K11/$K$82 -> #REF! | N11: 9770/9744 | O11: 1
B12: 11029 | C12: 43231 | D12: Lucas | E12: Mathew | F12: Afternoon | H12: ACTIVE | I12: =COUNTIF(#REF!, B12) -> #REF! | J12: =I12/$I$82 -> #REF! | K12: =SUMIF(#REF!,'Employee ID'!B12,#REF!) -> #REF! | L12: =K12/$K$82 -> #REF!
B13: 11028 | C13: 43227 | D13: Little | E13: Connor | F13: Day | G13: Bluco | H13: ACTIVE | I13: =COUNTIF(#REF!, B13) -> #REF! | J13: =I13/$I$82 -> #REF! | K13: =SUMIF(#REF!,'Employee ID'!B13,#REF!) -> #REF! | L13: =K13/$K$82 -> #REF!
B14: 11026 | C14: 43227 | D14: D'Hondt | E14: Tyler | F14: Day | G14: MACK | H14: ACTIVE | I14: =COUNTIF(#REF!, B14) -> #REF! | J14: =I14/$I$82 -> #REF! | K14: =SUMIF(#REF!,'Employee ID'!B14,#REF!) -> #REF! | L14: =K14/$K$82 -> #REF!
B15: 10999 | C15: 43154 | D15: Phoumivong | E15: Sengchanh | F15: Afternoon | H15: ACTIVE | I15: =COUNTIF(#REF!, B15) -> #REF! | J15: =I15/$I$82 -> #REF! | K15: =SUMIF(#REF!,'Employee ID'!B15,#REF!) -> #REF! | L15: =K15/$K$82 -> #REF!
B16: 10998 | C16: 43147 | D16: Kozierowski | E16: Nicole | F16: Afternoon | G16: MACK | H16: ACTIVE | I16: =COUNTIF(#REF!, B16) -> #REF! | J16: =I16/$I$82 -> #REF! | K16: =SUMIF(#REF!,'Employee ID'!B16,#REF!) -> #REF! | L16: =K16/$K$82 -> #REF!
B17: 10995 | C17: 43136 | D17: Ludwig | E17: Allan | F17: Afternoon | G17: Mack | H17: ACTIVE | I17: =COUNTIF(#REF!, B17)+O4 -> #REF! | J17: =I17/$I$82 -> #REF! | K17: =SUMIF(#REF!,'Employee ID'!B17,#REF!)+O4 -> #REF! | L17: =K17/$K$82 -> #REF!
B18: 10994 | C18: 43126 | D18: Gaston | E18: Alfredo | F18: Afternoon | G18: Mack | H18: ACTIVE | I18: =COUNTIF(#REF!, B18) -> #REF! | J18: =I18/$I$82 -> #REF! | K18: =SUMIF(#REF!,'Employee ID'!B18,#REF!) -> #REF! | L18: =K18/$K$82 -> #REF!
B19: 10991 | C19: 43122 | D19: Leong | E19: Matthew | F19: Day | G19: Support | H19: ACTIVE | I19: =COUNTIF(#REF!, B19) -> #REF! | J19: =I19/$I$82 -> #REF! | K19: =SUMIF(#REF!,'Employee ID'!B19,#REF!) -> #REF! | L19: =K19/$K$82 -> #REF!
B20: 10989 | C20: 43119 | D20: Yuzik | E20: Corey | F20: Afternoon | G20: Deck | H20: ACTIVE | I20: =COUNTIF(#REF!, B20) -> #REF! | J20: =I20/$I$82 -> #REF! | K20: =SUMIF(#REF!,'Employee ID'!B20,#REF!) -> #REF! | L20: =K20/$K$82 -> #REF!
B21: 10988 | C21: 43119 | D21: Grafe | E21: Peter | F21: Day | G21: MACK | H21: ACTIVE | I21: =COUNTIF(#REF!, B21) -> #REF! | J21: =I21/$I$82 -> #REF! | K21: =SUMIF(#REF!,'Employee ID'!B21,#REF!) -> #REF! | L21: =K21/$K$82 -> #REF!
B22: 10987 | C22: 43119 | D22: Waring | E22: Bill | F22: Day | G22: Deck | H22: ACTIVE | I22: =COUNTIF(#REF!, B22) -> #REF! | J22: =I22/$I$82 -> #REF! | K22: =SUMIF(#REF!,'Employee ID'!B22,#REF!) -> #REF! | L22: =K22/$K$82 -> #REF!
B23: 10983 | C23: 43112 | D23: Zimmer | E23: Aaron | F23: Afternoon | G23: Frame Fit | H23: ACTIVE | I23: =COUNTIF(#REF!, B23) -> #REF! | J23: =I23/$I$82 -> #REF! | K23: =SUMIF(#REF!,'Employee ID'!B23,#REF!) -> #REF! | L23: =K23/$K$82 -> #REF!
B24: 10980 | C24: 43108 | D24: Garvey | E24: Thomas | F24: Afternoon | G24: Upright | H24: ACTIVE | I24: =COUNTIF(#REF!, B24) -> #REF! | J24: =I24/$I$82 -> #REF! | K24: =SUMIF(#REF!,'Employee ID'!B24,#REF!) -> #REF! | L24: =K24/$K$82 -> #REF!
B25: 10979 | C25: 43108 | D25: Aitchison | E25: Brian | F25: Afternoon | G25: Duct | H25: ACTIVE | I25: =COUNTIF(#REF!, B25) -> #REF! | J25: =I25/$I$82 -> #REF! | K25: =SUMIF(#REF!,'Employee ID'!B25,#REF!) -> #REF! | L25: =K25/$K$82 -> #REF!
B26: 10977 | C26: 43102 | D26: Holt | E26: Graham | F26: Afternoon | G26: MACK | H26: ACTIVE | I26: =COUNTIF(#REF!, B26) -> #REF! | J26: =I26/$I$82 -> #REF! | K26: =SUMIF(#REF!,'Employee ID'!B26,#REF!) -> #REF! | L26: =K26/$K$82 -> #REF!
B27: 10975 | C27: 43080 | D27: Notto-Gibson | E27: Giovanna | F27: Afternoon | G27: Ladder | H27: ACTIVE | I27: =COUNTIF(#REF!, B27) -> #REF! | J27: =I27/$I$82 -> #REF! | K27: =SUMIF(#REF!,'Employee ID'!B27,#REF!) -> #REF! | L27: =K27/$K$82 -> #REF!
B28: 10971 | C28: 43070 | D28: Sparks | E28: Darrel | F28: Afternoon | G28: Deck | H28: ACTIVE | I28: =COUNTIF(#REF!, B28) -> #REF! | J28: =I28/$I$82 -> #REF! | K28: =SUMIF(#REF!,'Employee ID'!B28,#REF!) -> #REF! | L28: =K28/$K$82 -> #REF!
B29: 10958 | C29: 43031 | D29: Farrel-Kelly | E29: Joshua | F29: Afternoon | G29: Frame Weld | H29: ACTIVE | I29: =COUNTIF(#REF!, B29) -> #REF! | J29: =I29/$I$82 -> #REF! | K29: =SUMIF(#REF!,'Employee ID'!B29,#REF!) -> #REF! | L29: =K29/$K$82 -> #REF!
B30: 10950 | C30: 43024 | D30: Masales | E30: Jeff | F30: Afternoon | G30: Cab Skin | H30: ACTIVE | I30: =COUNTIF(#REF!, B30) -> #REF! | J30: =I30/$I$82 -> #REF! | K30: =SUMIF(#REF!,'Employee ID'!B30,#REF!) -> #REF! | L30: =K30/$K$82 -> #REF!
B31: 10945 | C31: 43018 | D31: Normore | E31: Keith | F31: Afternoon | G31: Upright | H31: ACTIVE | I31: =COUNTIF(#REF!,B31)+COUNT(O6:O7) -> #REF! | J31: =I31/$I$82 -> #REF! | K31: =SUMIF(#REF!,'Employee ID'!B31,#REF!)+O7 -> #REF! | L31: =K31/$K$82 -> #REF!
B32: 10943 | C32: 43018 | D32: Amorim | E32: Brandon | F32: Afternoon | G32: Cab Skin | H32: ACTIVE | I32: =COUNTIF(#REF!, B32) -> #REF! | J32: =I32/$I$82 -> #REF! | K32: =SUMIF(#REF!,'Employee ID'!B32,#REF!) -> #REF! | L32: =K32/$K$82 -> #REF!
B33: 10924 | C33: 42989 | D33: Partridge | E33: Steve | F33: Afternoon | G33: Deck | H33: ACTIVE | I33: =COUNTIF(#REF!, B33) -> #REF! | J33: =I33/$I$82 -> #REF! | K33: =SUMIF(#REF!,'Employee ID'!B33,#REF!) -> #REF! | L33: =K33/$K$82 -> #REF!
B34: 10917 | C34: 42979 | D34: Korchensky | E34: Michael | F34: Afternoon | G34: Cabinet | H34: ACTIVE | I34: =COUNTIF(#REF!, B34) -> #REF! | J34: =I34/$I$82 -> #REF! | K34: =SUMIF(#REF!,'Employee ID'!B34,#REF!) -> #REF! | L34: =K34/$K$82 -> #REF!
B35: 10916 | C35: 42825 | D35: Baczewski | E35: Richard | F35: Afternoon | G35: Cab Sub | H35: ACTIVE | I35: =COUNTIF(#REF!, B35) -> #REF! | J35: =I35/$I$82 -> #REF! | K35: =SUMIF(#REF!,'Employee ID'!B35,#REF!) -> #REF! | L35: =K35/$K$82 -> #REF!
B36: 10915 | C36: 75906 | D36: Manuel | E36: James | F36: Afternoon | G36: Cab Skin | H36: ACTIVE | I36: =COUNTIF(#REF!, B36) -> #REF! | J36: =I36/$I$82 -> #REF! | K36: =SUMIF(#REF!,'Employee ID'!B36,#REF!) -> #REF! | L36: =K36/$K$82 -> #REF!
B37: 10904 | C37: 42961 | D37: Rees | E37: Brandon | F37: Afternoon | G37: Muffler | H37: ACTIVE | I37: =COUNTIF(#REF!, B37) -> #REF! | J37: =I37/$I$82 -> #REF! | K37: =SUMIF(#REF!,'Employee ID'!B37,#REF!) -> #REF! | L37: =K37/$K$82 -> #REF!
B38: 10891 | C38: 42916 | D38: Page | E38: Yvon | F38: Afternoon | G38: Centre Deck | H38: ACTIVE | I38: =COUNTIF(#REF!, B38) -> #REF! | J38: =I38/$I$82 -> #REF! | K38: =SUMIF(#REF!,'Employee ID'!B38,#REF!) -> #REF! | L38: =K38/$K$82 -> #REF!
B39: 10881 | C39: 42907 | D39: Burgess | E39: Colin | F39: Afternoon | G39: Grille | H39: ACTIVE | I39: =COUNTIF(#REF!, B39) -> #REF! | J39: =I39/$I$82 -> #REF! | K39: =SUMIF(#REF!,'Employee ID'!B39,#REF!) -> #REF! | L39: =K39/$K$82 -> #REF!
B40: 10869 | C40: 42881 | D40: Mann | E40: Travis | F40: Afternoon | G40: Support | H40: ACTIVE | I40: =COUNTIF(#REF!, B40) -> #REF! | J40: =I40/$I$82 -> #REF! | K40: =SUMIF(#REF!,'Employee ID'!B40,#REF!) -> #REF! | L40: =K40/$K$82 -> #REF!
B41: 10860 | C41: 42870 | D41: Chanthaboury | E41: Henry | F41: Day | G41: MACK | H41: ACTIVE | I41: =COUNTIF(#REF!, B41) -> #REF! | J41: =I41/$I$82 -> #REF! | K41: =SUMIF(#REF!,'Employee ID'!B41,#REF!) -> #REF! | L41: =K41/$K$82 -> #REF!
B42: 10849 | C42: 42863 | D42: Steele | E42: Delroy | F42: Day | G42: Deck | H42: ACTIVE | I42: =COUNTIF(#REF!, B42) -> #REF! | J42: =I42/$I$82 -> #REF! | K42: =SUMIF(#REF!,'Employee ID'!B42,#REF!) -> #REF! | L42: =K42/$K$82 -> #REF!
B43: 10848 | C43: 42863 | D43: Bickford | E43: James | F43: Afternoon | G43: Cab Skin | H43: ACTIVE | I43: =COUNTIF(#REF!, B43) -> #REF! | J43: =I43/$I$82 -> #REF! | K43: =SUMIF(#REF!,'Employee ID'!B43,#REF!) -> #REF! | L43: =K43/$K$82 -> #REF!
... B52: 10800 | C52: 42887 | D52: Lahay | E52: Trevor | F52: Afternoon | G52: Upright Tube | H52: ACTIVE | I52: =COUNTIF(#REF!, B52) -> #REF! | J52: =I52/$I$82 -> #REF! | K52: =SUMIF(#REF!,'Employee ID'!B52,#REF!) -> #REF! | L52: =K52/$K$82 -> #REF!
B53: 10798 | C53: 42801 | D53: Mead | E53: Mike | F53: Afternoon | H53: ACTIVE | I53: =COUNTIF(#REF!, B53) -> #REF! | J53: =I53/$I$82 -> #REF! | K53: =SUMIF(#REF!,'Employee ID'!B53,#REF!) -> #REF! | L53: =K53/$K$82 -> #REF!
B54: 9900 | C54: 38908 | D54: Hoelscher | E54: Tim | F54: Day | G54: Deck | H54: ACTIVE | I54: =COUNTIF(#REF!, B54) -> #REF! | J54: =I54/$I$82 -> #REF! | K54: =SUMIF(#REF!,'Employee ID'!B54,#REF!) -> #REF! | L54: =K54/$K$82 -> #REF!
B55: 9887 | C55: 38810 | D55: Reynard | E55: James | F55: Afternoon | G55: Team Lead | H55: TEAM LEAD | I55: =COUNTIF(#REF!, B55) -> #REF! | J55: =I55/$I$82 -> #REF! | K55: =SUMIF(#REF!,'Employee ID'!B55,#REF!) -> #REF! | L55: =K55/$K$82 -> #REF!
B56: 9882 | C56: 38763 | D56: Baldwin | E56: Keith | F56: Day | G56: Grille | H56: ACTIVE | I56: =COUNTIF(#REF!, B56) -> #REF! | J56: =I56/$I$82 -> #REF! | K56: =SUMIF(#REF!,'Employee ID'!B56,#REF!) -> #REF! | L56: =K56/$K$82 -> #REF!
B57: 9879 | C57: 38721 | D57: Simon | E57: Dion | F57: Day | G57: Cab Skin | H57: ACTIVE | I57: =COUNTIF(#REF!, B57) -> #REF! | J57: =I57/$I$82 -> #REF! | K57: =SUMIF(#REF!,'Employee ID'!B57,#REF!) -> #REF! | L57: =K57/$K$82 -> #REF!
B58: 9857 | C58: 38544 | D58: Paquette | E58: Clay | F58: Day | G58: Team Lead | H58: TEAM LEAD | I58: =COUNTIF(#REF!, B58) -> #REF! | J58: =I58/$I$82 -> #REF! | K58: =SUMIF(#REF!,'Employee ID'!B58,#REF!) -> #REF! | L58: =K58/$K$82 -> #REF!
B59: 9840 | C59: 38334 | D59: Myers | E59: Ron | F59: Day | G59: Grille Sub | H59: INACTIVE | I59: =COUNTIF(#REF!, B59) -> #REF! | J59: =I59/$I$82 -> #REF! | K59: =SUMIF(#REF!,'Employee ID'!B59,#REF!) -> #REF! | L59: =K59/$K$82 -> #REF!
B60: 9834 | C60: 38250 | D60: Bleich | E60: Robert | F60: Day | G60: Cab Door | H60: ACTIVE | I60: =COUNTIF(#REF!, B60) -> #REF! | J60: =I60/$I$82 -> #REF! | K60: =SUMIF(#REF!,'Employee ID'!B60,#REF!) -> #REF! | L60: =K60/$K$82 -> #REF!
B61: 9830 | C61: 38229 | D61: Hinde | E61: Neal | F61: Day | G61: Upright Tube | H61: ACTIVE | I61: =COUNTIF(#REF!, B61) -> #REF! | J61: =I61/$I$82 -> #REF! | K61: =SUMIF(#REF!,'Employee ID'!B61,#REF!) -> #REF! | L61: =K61/$K$82 -> #REF!
B62: 9829 | C62: 38208 | D62: Zinger | E62: Larry | F62: Afternoon | G62: Muffler | H62: ACTIVE | I62: =COUNTIF(#REF!, B62) -> #REF! | J62: =I62/$I$82 -> #REF! | K62: =SUMIF(#REF!,'Employee ID'!B62,#REF!) -> #REF! | L62: =K62/$K$82 -> #REF!
B63: 9825 | C63: 38152 | D63: Reid | E63: Gordon | F63: Day | G63: MACK | H63: ACTIVE | I63: =COUNTIF(#REF!, B63) -> #REF! | J63: =I63/$I$82 -> #REF! | K63: =SUMIF(#REF!,'Employee ID'!B63,#REF!) -> #REF! | L63: =K63/$K$82 -> #REF!
B64: 9823 | C64: 38145 | D64: Lahay | E64: Lawrence | F64: Day | G64: Deck | H64: ACTIVE | I64: =COUNTIF(#REF!, B64) -> #REF! | J64: =I64/$I$82 -> #REF! | K64: =SUMIF('CAR LOG'!AL4:AL13,'Employee ID'!B64,'CAR LOG'!U4:U13) -> 0 | L64: =K64/$K$82 -> #REF!
B65: 9822 | C65: 38132 | D65: Singh | E65: Satnam | F65: Day | G65: MACK | H65: ACTIVE | I65: =COUNTIF(#REF!, B65) -> #REF! | J65: =I65/$I$82 -> #REF! | K65: =SUMIF('CAR LOG'!AL4:AL13,'Employee ID'!B65,'CAR LOG'!U4:U13) -> 0 | L65: =K65/$K$82 -> #REF!
B66: 9821 | C66: 38062 | D66: Turski | E66: Witold | F66: Day | G66: Support | H66: ACTIVE | I66: =COUNTIF(#REF!, B66) -> #REF! | J66: =I66/$I$82 -> #REF! | K66: =SUMIF('CAR LOG'!AL4:AL13,'Employee ID'!B66,'CAR LOG'!U4:U13) -> 0 | L66: =K66/$K$82 -> #REF!
B67: 9816 | C67: 38005 | D67: Myers | E67: David | F67: Day | G67: Cab Skin | H67: ACTIVE | I67: =COUNTIF(#REF!, B67)+O5 -> #REF! | J67: =I67/$I$82 -> #REF! | K67: =SUMIF('CAR LOG'!AL4:AL13,'Employee ID'!B67,'CAR LOG'!U4:U13)+O5 -> 1 | L67: =K67/$K$82 -> #REF!
B68: 9812 | C68: 37922 | D68: Jewell | E68: Paul | F68: Day | G68: Cab Skin | H68: ACTIVE | I68: =COUNTIF(#REF!, B68)+O5 -> #REF! | J68: =I68/$I$82 -> #REF! | K68: =SUMIF('CAR LOG'!AL4:AL13,'Employee ID'!B68,'CAR LOG'!U4:U13)+O5 -> 1 | L68: =K68/$K$82 -> #REF!
B69: 9808 | C69: 37602 | D69: Pawletzki | E69: Robin | F69: Day | G69: Grille | H69: ACTIVE | I69: =COUNTIF(#REF!, B69) -> #REF! | J69: =I69/$I$82 -> #REF! | K69: =SUMIF('CAR LOG'!AL4:AL13,'Employee ID'!B69,'CAR LOG'!U4:U13) -> 0 | L69: =K69/$K$82 -> #REF!
B70: 9805 | C70: 36549 | D70: Vongxay | E70: Viengkham | F70: Day | G70: Frame Fit | H70: ACTIVE | I70: =COUNTIF(#REF!, B70) -> #REF! | J70: =I70/$I$82 -> #REF! | K70: =SUMIF('CAR LOG'!AL4:AL13,'Employee ID'!B70,'CAR LOG'!U4:U13) -> 0 | L70: =K70/$K$82 -> #REF!
B71: 9804 | C71: 36542 | D71: Taubner | E71: Karlheintz | F71: Day | G71: Bluco | H71: ACTIVE | I71: =COUNTIF(#REF!, B71) -> #REF! | J71: =I71/$I$82 -> #REF! | K71: =SUMIF('CAR LOG'!AL4:AL13,'Employee ID'!B71,'CAR LOG'!U4:U13) -> 0 | L71: =K71/$K$82 -> #REF!
B72: 9802 | C72: 36500 | D72: Escobar | E72: David | F72: Day | G72: Cab Skin | H72: ACTIVE | I72: =COUNTIF(#REF!, B72) -> #REF! | J72: =I72/$I$82 -> #REF! | K72: =SUMIF('CAR LOG'!AL4:AL13,'Employee ID'!B72,'CAR LOG'!U4:U13) -> 0 | L72: =K72/$K$82 -> #REF!
B73: 9793 | C73: 35079 | D73: Kunert | E73: Randy | F73: Day | G73: B's & C's | H73: ACTIVE | I73: =COUNTIF(#REF!, B73) -> #REF! | J73: =I73/$I$82 -> #REF! | K73: =SUMIF('CAR LOG'!AL4:AL13,'Employee ID'!B73,'CAR LOG'!U4:U13) -> 0 | L73: =K73/$K$82 -> #REF!
B74: 9788 | C74: 32853 | D74: Coleman | E74: Doug | F74: Day | G74: Cabinet | H74: ACTIVE | I74: =COUNTIF(#REF!, B74) -> #REF! | J74: =I74/$I$82 -> #REF! | K74: =SUMIF('CAR LOG'!AL4:AL13,'Employee ID'!B74,'CAR LOG'!U4:U13) -> 0 | L74: =K74/$K$82 -> #REF!
B75: 9783 | C75: 32818 | D75: Kopec | E75: Jan | F75: Day | G75: Frame Weld | H75: ACTIVE | I75: =COUNTIF(#REF!, B75) -> #REF! | J75: =I75/$I$82 -> #REF! | K75: =SUMIF('CAR LOG'!AL4:AL13,'Employee ID'!B75,'CAR LOG'!U4:U13) -> 0 | L75: =K75/$K$82 -> #REF!
B76: 9778 | C76: 34877 | D76: Brozek | E76: Robert | F76: Day | G76: MACK | H76: ACTIVE | I76: =COUNTIF(#REF!, B76)+O5 -> #REF! | J76: =I76/$I$82 -> #REF! | K76: =SUMIF('CAR LOG'!AL4:AL13,'Employee ID'!B76,'CAR LOG'!U4:U13)+O5 -> 1 | L76: =K76/$K$82 -> #REF!
B77: 9776 | C77: 32475 | D77: Wojtynski | E77: Leon | F77: Day | G77: Duct | H77: INACTIVE | I77: =COUNTIF(#REF!, B77) -> #REF! | J77: =I77/$I$82 -> #REF! | K77: =SUMIF('CAR LOG'!AL4:AL13,'Employee ID'!B77,'CAR LOG'!U4:U13) -> 0 | L77: =K77/$K$82 -> #REF!
B78: 9771 | C78: 29040 | D78: Deering | E78: Barry | F78: Day | G78: Centre Deck | H78: ACTIVE | I78: =COUNTIF(#REF!, B78) -> #REF! | J78: =I78/$I$82 -> #REF! | K78: =SUMIF('CAR LOG'!AL4:AL13,'Employee ID'!B78,'CAR LOG'!U4:U13) -> 0 | L78: =K78/$K$82 -> #REF!
B79: 9763 | C79: 34578 | D79: Clark | E79: Jim | F79: Day | G79: Cabinet | H79: ACTIVE | I79: =COUNTIF(#REF!, B79) -> #REF! | J79: =I79/$I$82 -> #REF! | K79: =SUMIF('CAR LOG'!AL4:AL13,'Employee ID'!B79,'CAR LOG'!U4:U13) -> 0 | L79: =K79/$K$82 -> #REF!
B80: 9753 | C80: 31343 | D80: Jessome | E80: David | F80: Day | G80: Positioner | H80: ACTIVE | I80: =COUNTIF(#REF!, B80) -> #REF! | J80: =I80/$I$82 -> #REF! | K80: =SUMIF('CAR LOG'!AL4:AL13,'Employee ID'!B80,'CAR LOG'!U4:U13) -> 0 | L80: =K80/$K$82 -> #REF!
B81: 9700 | C81: 39650 | D81: Arruda | E81: Eric | F81: Day | G81: Cab Sub | H81: ACTIVE | I81: =COUNTIF(#REF!, B81) -> #REF! | J81: =I81/$I$82 -> #REF! | K81: =SUMIF('CAR LOG'!AL4:AL13,'Employee ID'!B81,'CAR LOG'!U4:U13) -> 0 | L81: =K81/$K$82 -> #REF!
G82: GRAND TOTAL | I82: =SUM(I4:I81) -> #REF! | K82: =SUM(K4:K81) -> #REF!
